Product URL,Product Name,Product Price,Rating,Number of reviews,Manufacturer,ASIN
https://www.amazon.in//sspa/click?ie=UTF8&spc=MTo3NTU3ODg2NDEyMTI0NDcwOjE2OTI2NDIzNjU6c3BfYXRmOjIwMDYzNzg0NDU4Mzk4OjowOjo&url=%2Fuppercase-Backpack-2300EBP1-repellent-sustainable%2Fdp%2FB0B69M182Q%2Fref%3Dsr_1_1_sspa%3Fcrid%3D2M096C61O4MLT%26keywords%3Dbags%26qid%3D1692642365%26sprefix%3Dba%252Caps%252C283%26sr%3D8-1-spons%26sp_csd%3Dd2lkZ2V0TmFtZT1zcF9hdGY%26psc%3D1,"uppercase Medium 17 Ltrs Vegan Leather (upto 14 inch) Laptop Backpack 2300EBP1 3x more water resistant sustainable bags with rain proof zippers for Men, Women, Boys and Girls, 750 Days warranty  ","₹1,600",4.0 out of 5 stars,540,"Acefour Accessories Pvt. Ltd., Acefour Accessories Pvt. Ltd. , Lodha Supremus Corp. Tower, Unit 1202,12th Floor,Saki Vihar road, Chandivali, Tunga Village, Opp. MTNL office, Andheri E, Mumbai -400072, Maharashtra, India. Customer Care: Email : customercare@uppercase.co.in & Contact no. +91 8691 800 800",B0B69M182Q
https://www.amazon.in//sspa/click?ie=UTF8&spc=MTo3NTU3ODg2NDEyMTI0NDcwOjE2OTI2NDIzNjU6c3BfYXRmOjMwMDAzMTEyMzAzNDIzMjo6MDo6&url=%2FPromate-Messenger-Water-Resistant-Detachable-Anti-Theft%2Fdp%2FB07FDXXL2L%2Fref%3Dsr_1_2_sspa%3Fcrid%3D2M096C61O4MLT%26keywords%3Dbags%26qid%3D1692642365%26sprefix%3Dba%252Caps%252C283%26sr%3D8-2-spons%26sp_csd%3Dd2lkZ2V0TmFtZT1zcF9hdGY%26psc%3D1,"Promate Akita-MB 16"" Laptop Messenger Bag, Premium Water-Resistant Shoulder Bag with Secure Quick Access Pocket, Detachable String and Anti-Theft Pocket for Laptops, Documents (Black)  ","₹1,999",5.0 out of 5 stars,5,Promate Technologies,B07FDXXL2L
https://www.amazon.in//Skybags-Brat-Black-Casual-Backpack/dp/B08Z1HHHTD/ref=sr_1_3?crid=2M096C61O4MLT&keywords=bags&qid=1692642365&sprefix=ba%2Caps%2C283&sr=8-3,Skybags Brat Black 46 Cms Casual Backpack  ,₹649,4.1 out of 5 stars,"5,523",VIP Industries Ltd,B08Z1HHHTD
https://www.amazon.in//American-Tourister-AMT-SCH-02/dp/B07CJCGM1M/ref=sr_1_4?crid=2M096C61O4MLT&keywords=bags&qid=1692642365&sprefix=ba%2Caps%2C283&sr=8-4,American Tourister Fizz Large Size 32 Ltrs Casual Backpack (BLACK)  ,"₹1,199",4.0 out of 5 stars,"55,248","Samsonite, Samsonite India",B07CJCGM1M
https://www.amazon.in//Half-Moon-Backpack-Luggage-Compartment/dp/B09VCLZ3K4/ref=sr_1_5?crid=2M096C61O4MLT&keywords=bags&qid=1692642365&sprefix=ba%2Caps%2C283&sr=8-5,Half Moon Large 37L Laptop Bag Backpack for menं Women Boys and Girls Luggage Travel Bags with 17.3 inches Laptop Compartment & Rain Cover  ,₹849,3.9 out of 5 stars,"3,442",Amazing Bags,B09VCLZ3K4
https://www.amazon.in//Number-Backpack-Compartment-Charging-Organizer/dp/B09VTDMRY7/ref=sr_1_6?crid=2M096C61O4MLT&keywords=bags&qid=1692642365&sprefix=ba%2Caps%2C283&sr=8-6,"FUR JADEN Anti Theft Number Lock Backpack Bag with 15.6 Inch Laptop Compartment, USB Charging Port & Organizer Pocket for Men Women Boys Girls  ",₹679,4.0 out of 5 stars,"5,603","FUR JADEN, Fur Jaden, 3C Jai Hind Bld, Dr AM Road, Bhuleshwar, Mumbai 400002",B09VTDMRY7
https://www.amazon.in//TRUE-HUMAN-Anti-Theft-backpack-charging/dp/B09QJ7ZF2Y/ref=sr_1_7?crid=2M096C61O4MLT&keywords=bags&qid=1692642365&sprefix=ba%2Caps%2C283&sr=8-7,TRUE HUMAN EMPEROR® Anti-Theft backpack With USB charging Port Laptop bag/Office bag/college bag/travel bag with anti -theft back pocket (LEGEND)  ,₹599,3.7 out of 5 stars,"2,463",,B09QJ7ZF2Y
https://www.amazon.in//Half-Moon-Waterproof-Backpack-Students/dp/B085MHDJ93/ref=sr_1_8?crid=2M096C61O4MLT&keywords=bags&qid=1692642365&sprefix=ba%2Caps%2C283&sr=8-8,"Half Moon 35 Ltrs Water Resistant 15.6 inch Laptop Bag for Men/Backpack for Men, Navy Blue | Office Bag for Men/Office Bag for Women with Padded Laptop Compartment | Rain Cover & Reflective Strips  ",₹649,3.9 out of 5 stars,"16,960","Amazing Bags, Half_Moon, New Delhi",B085MHDJ93
https://www.amazon.in//Half-Moon-Resistant-Backpack-Compartment/dp/B0BJ32LQ6X/ref=sr_1_9?crid=2M096C61O4MLT&keywords=bags&qid=1692642365&sprefix=ba%2Caps%2C283&sr=8-9,Half Moon Large 37L Laptop Bag Backpack for menं Women Boys and Girls Luggage Travel Bags with 17.3 inches Laptop Compartment & Rain Cover  ,₹849,3.9 out of 5 stars,"3,442",Amazing Bags,B0BJ32LQ6X
https://www.amazon.in//Rucksack-Travel-Backpack-Trekking-Compartment/dp/B07YDGQQN5/ref=sr_1_10?crid=2M096C61O4MLT&keywords=bags&qid=1692642365&sprefix=ba%2Caps%2C283&sr=8-10,"Fur Jaden 55 LTR Rucksack Travel Backpack Bag for Trekking, Hiking with Shoe Compartment  ",₹849,4.3 out of 5 stars,"5,600","Fur Jaden, Fur Jaden 3-C, Jai Hind Bld, Dr AM Road, Bhuleshwar, Mumbai 400002, 8080888028",B07YDGQQN5
https://www.amazon.in//sspa/click?ie=UTF8&spc=MTo3NTU3ODg2NDEyMTI0NDcwOjE2OTI2NDIzNjU6c3BfbXRmOjMwMDAxMjMzOTQzMjgzMjo6MDo6&url=%2FHOEXL-Expandable-Laptop-Backpack-Water-resistant%2Fdp%2FB0C3J2RLHP%2Fref%3Dsr_1_11_sspa%3Fcrid%3D2M096C61O4MLT%26keywords%3Dbags%26qid%3D1692642365%26sprefix%3Dba%252Caps%252C283%26sr%3D8-11-spons%26sp_csd%3Dd2lkZ2V0TmFtZT1zcF9tdGY%26psc%3D1,"HOEXL 42L Expandable Laptop Backpack - Premium Laptop Backpacks for Men, Women for Travel, School, College - Tech Bag with USB - Bagpacker Bag for Men, 17 inch Laptop Bags for Multipurpose with Water-resistant, Smart Bag with Multiple Compartments  ","₹2,699",5.0 out of 5 stars,33,"HOEXL, SSRN Enterprises",B0C3J2RLHP
https://www.amazon.in//sspa/click?ie=UTF8&spc=MTo3NTU3ODg2NDEyMTI0NDcwOjE2OTI2NDIzNjU6c3BfbXRmOjIwMTI3NjgzODcyMzk4OjowOjo&url=%2FUPPERCASE-Professional-Backpack-resistant-sustainable%2Fdp%2FB0BXFDK5J2%2Fref%3Dsr_1_12_sspa%3Fcrid%3D2M096C61O4MLT%26keywords%3Dbags%26qid%3D1692642365%26sprefix%3Dba%252Caps%252C283%26sr%3D8-12-spons%26sp_csd%3Dd2lkZ2V0TmFtZT1zcF9tdGY%26psc%3D1,"uppercase 26 Ltrs Ryder Professional Laptop Backpack (15.6 Inch) 3x more water resistant sustainable bags with rain proof zippers for Men, Women, Boys and Girls, 750 Days warranty  ","₹2,400",4.3 out of 5 stars,78,"Acefour Accessories Pvt. Ltd., Acefour Accessories Pvt. Ltd. , Lodha Supremus Corp. Tower, Unit 1202,12th Floor,Saki Vihar road, Chandivali, Tunga Village, Opp. MTNL office, Andheri E, Mumbai -400072, Maharashtra, India. Customer Care: Email : customercare@uppercase.co.in & Contact no. +91 8691 800 800",B0BXFDK5J2
https://www.amazon.in//Police-Polyester-laptop-casual-backpack/dp/B09CQ5T3LN/ref=sr_1_13?crid=2M096C61O4MLT&keywords=bags&qid=1692642365&sprefix=ba%2Caps%2C283&sr=8-13,POLICE Backpack for Men Casual Laptop Bag Office/Travel/College 30 Ltr Hedge Polyester - Black  ,"₹1,399",4.1 out of 5 stars,"5,852",,B09CQ5T3LN
https://www.amazon.in//FUR-JADEN-Leatherette-Polypropylene-DUFF05/dp/B07M9BRCQ5/ref=sr_1_14?crid=2M096C61O4MLT&keywords=bags&qid=1692642365&sprefix=ba%2Caps%2C283&sr=8-14,Fur Jaden Brown Textured Leatherette Stylish & Spacious Weekender Duffle Bag for Travel  ,₹899,4.3 out of 5 stars,"6,505","Fur Jaden, 3-C, Jai Hind Bld, Dr AM Road, Bhuleshwar, Mumbai 400002, 8080888028",B07M9BRCQ5
https://www.amazon.in//GEAR-Black-Blue-Backpack-years/dp/B019HA8AYG/ref=sr_1_15?crid=2M096C61O4MLT&keywords=bags&qid=1692642365&sprefix=ba%2Caps%2C283&sr=8-15,Gear CarryOn 16L Foldable Water Resistant School Bag//Backpack/College Bag for Men/Women - Blue Black  ,₹199,3.7 out of 5 stars,"7,050","Gear Merchandise PVT LTD, Gear Merchandise PVT LTD E/12 West Chowbaga Gulshan colony KoLkata-700100 Contact 9830403366",B019HA8AYG
https://www.amazon.in//Gear-Classic-Leather-Backpack-LBPCLSLTH0201/dp/B07G4F6XFH/ref=sr_1_16?crid=2M096C61O4MLT&keywords=bags&qid=1692642365&sprefix=ba%2Caps%2C283&sr=8-16,Gear Classic 20L Small Size Faux Leather Water Resistant Anti Theft Unisex Laptop Backpack- Brown  ,₹979,4.4 out of 5 stars,"6,040","Gear Merchandise PVT LTD, Gear Merchandise PVT LTD E/12 West Chowbaga Gulshan colony KoLkata-700100 Contact 9830403366",B07G4F6XFH
https://www.amazon.in//Safari-45L-21-OB-BLK/dp/B07BZ5VC4H/ref=sr_1_17?crid=2M096C61O4MLT&keywords=bags&qid=1692642365&sprefix=ba%2Caps%2C283&sr=8-17,Safari Seek 45 Ltrs Overnighter Expandable Travel Laptop Backpack  ,"₹2,099",4.5 out of 5 stars,"7,383","Safari Industries (India) Ltd, Safari Industries Ltd 301/302, A-Wing, The Qube, M.V.Road, Marol, Andheri(East), Near international Airport Mumbai- 400059 +91-22-40381851/838",B07BZ5VC4H
https://www.amazon.in//American-Tourister-BACKPACK-COMPARTMENT-ORGANIZER/dp/B0BTD4FK9G/ref=sr_1_18?crid=2M096C61O4MLT&keywords=bags&qid=1692642365&sprefix=ba%2Caps%2C283&sr=8-18,"American Tourister VALEX BLUE LAPTOP BACKPACK 28 Ltrs,Volume, LAPTOP COMPARTMENT, BOTTLE POCKET, FRONT ORGANIZER  ","₹1,399",4.2 out of 5 stars,664,"EXPERTS, China",B0BTD4FK9G
https://www.amazon.in//Backpack-Small-Black-Water-Repellant/dp/B088XB5XY8/ref=sr_1_19?crid=2M096C61O4MLT&keywords=bags&qid=1692642365&sprefix=ba%2Caps%2C283&sr=8-19,"Mi Step Out 12 L Mini Backpack (Small Size, Black, Water Repellant)  ",₹398,4.1 out of 5 stars,"9,706",Korrun India Pvt. Ltd,B088XB5XY8
https://www.amazon.in//Lavie-Sport-Duffle-Luggage-Trolley/dp/B097RJ22Q3/ref=sr_1_20?crid=2M096C61O4MLT&keywords=bags&qid=1692642365&sprefix=ba%2Caps%2C283&sr=8-20,Lavie Sport Lino Large Size 63 cms Wheel Duffle Bag for Travel | Travel Bag with Trolley  ,"₹1,049",4.0 out of 5 stars,"8,320","Bagzone Lifestyle Pvt Ltd, Bagzone Lifestyle Pvt Ltd | | LAVIE 402, Ackruti Star, MIDC Central Road, Andheri East, Mumbai – 400093",B097RJ22Q3
https://www.amazon.in//sspa/click?ie=UTF8&spc=MTo3NTU3ODg2NDEyMTI0NDcwOjE2OTI2NDIzNjU6c3BfYnRmOjIwMTI1ODk5OTIwNjk4OjowOjo&url=%2FUppercase-Professional-Backpack-Resistant-Sustainable%2Fdp%2FB0BWNBQXDZ%2Fref%3Dsr_1_21_sspa%3Fcrid%3D2M096C61O4MLT%26keywords%3Dbags%26qid%3D1692642365%26sprefix%3Dba%252Caps%252C283%26sr%3D8-21-spons%26sp_csd%3Dd2lkZ2V0TmFtZT1zcF9idGY%26psc%3D1,"uppercase Apex Professional Laptop Backpack (15.6 Inch) 3x more water resistant sustainable bags with rain proof zippers for Men, Women, Boys and Girls, 750 Days warranty  ","₹1,800",4.4 out of 5 stars,89,"Acefour Accessories Pvt. Ltd., Acefour Accessories Pvt. Ltd. , Lodha Supremus Corp. Tower, Unit 1202,12th Floor,Saki Vihar road, Chandivali, Tunga Village, Opp. MTNL office, Andheri E, Mumbai -400072, Maharashtra, India. Customer Care: Email : customercare@uppercase.co.in & Contact no. +91 8691 800 800",B0BWNBQXDZ
https://www.amazon.in//sspa/click?ie=UTF8&spc=MTo3ODU3NDY1OTc2OTQyMTE4OjE2OTI2NDIzNzU6c3BfYXRmX25leHQ6MjAxNjY4MDY4MzI4OTg6OjA6Og&url=%2FVeneer-Synthetic-Shoulder-Business-Backpack%2Fdp%2FB0C594SZQ7%2Fref%3Dsr_1_17_sspa%3Fcrid%3D2M096C61O4MLT%26keywords%3Dbags%26qid%3D1692642375%26sprefix%3Dba%252Caps%252C283%26sr%3D8-17-spons%26sp_csd%3Dd2lkZ2V0TmFtZT1zcF9hdGZfbmV4dA%26psc%3D1,Veneer Synthetic Leather 30 Litre Casual 15.6 Inch Laptop Shoulder Business Travel Backpack for Unisex  ,"₹1,774", , ,"THE HUTCH ENTERPRISES, THE HUTCH ENTERPRISES D 27 NOIDA SECTOR 7 NOIDA (Emailid- thehutchenterprises27@gmail.com)",B0C594SZQ7
https://www.amazon.in//sspa/click?ie=UTF8&spc=MTo3ODU3NDY1OTc2OTQyMTE4OjE2OTI2NDIzNzU6c3BfYXRmX25leHQ6MjAxNjE5OTcyMzA1OTg6OjA6Og&url=%2FSPENZ-BAGS-Backpack-Raincover-Dark-Blue%2Fdp%2FB0C3RJP6ZM%2Fref%3Dsr_1_18_sspa%3Fcrid%3D2M096C61O4MLT%26keywords%3Dbags%26qid%3D1692642375%26sprefix%3Dba%252Caps%252C283%26sr%3D8-18-spons%26sp_csd%3Dd2lkZ2V0TmFtZT1zcF9hdGZfbmV4dA%26psc%3D1,"SPENZ BAGS Travel Laptop Backpack for Women & Men|Carry On Bag, College & School Students Bookbag With Raincover  ",₹845,4.0 out of 5 stars,161,"Spenz Bags, Spenz Bags",B0C3RJP6ZM
https://www.amazon.in//ADISA-Laptop-Backpack-Office-College/dp/B09TPX22NF/ref=sr_1_19?crid=2M096C61O4MLT&keywords=bags&qid=1692642375&sprefix=ba%2Caps%2C283&sr=8-19,ADISA 15.6 inch laptop backpack office bag college travel back pack 32 Ltrs  ,₹499,3.9 out of 5 stars,"1,148","ADISA, ADISA INTERNATIONAL, 42/34, Upper Ground Floor, DLF Industrial Area, Kirti Nagar, New Delhi 110015, careadisa@gmail.com",B09TPX22NF
https://www.amazon.in//Half-Moon-Backpack-Spacious-Multiple/dp/B0C23Z9W18/ref=sr_1_20?crid=2M096C61O4MLT&keywords=bags&qid=1692642375&sprefix=ba%2Caps%2C283&sr=8-20,Half Moon Aztec 37L School Bag Class 5-12 | College Bagpack for Men/College Back pack for Women | 15.6 inch Laptop Bag for Men/Backpack for Men | Spacious & Multiple Pockets  ,₹649,3.6 out of 5 stars,229,Half_Moon,B0C23Z9W18
https://www.amazon.in//Lenovo-15-6-Inches-Everyday-Backpack/dp/B08R7RPVJF/ref=sr_1_21?crid=2M096C61O4MLT&keywords=bags&qid=1692642375&sprefix=ba%2Caps%2C283&sr=8-21,"Lenovo 15.6"" (39.62cm) Slim Everyday Backpack, Made in India, Compact, Water-resistant, Organized storage:Laptop sleeve,tablet pocket,front workstation,2-side pockets,Padded adjustable shoulder straps  ",₹839,4.3 out of 5 stars,"4,202",Lenovo,B08R7RPVJF
https://www.amazon.in//Safari-Laptop-Backpack-Resistant-Fabric/dp/B09B25Z8M2/ref=sr_1_22?crid=2M096C61O4MLT&keywords=bags&qid=1692642375&sprefix=ba%2Caps%2C283&sr=8-22,Safari Quill Large Laptop Backpack 26 Ltrs Water Resistant Fabric - Black  ,₹859,3.9 out of 5 stars,"1,025","Safari Industries, 302-303, A Wing, The Qube CTS No.1498, A/2, Sir Mathuradas Vasanji Rd, Marol, Andheri East, Mumbai, Maharashtra 400059",B09B25Z8M2
https://www.amazon.in//Fur-Jaden-Black-Waterproof-Backpack/dp/B078GLXMDY/ref=sr_1_23?crid=2M096C61O4MLT&keywords=bags&qid=1692642375&sprefix=ba%2Caps%2C283&sr=8-23,FUR JADEN Anti Theft Backpack 15.6 Inch Laptop Bag with USB Charging Port For Men Women Boys Girls  ,₹839,4.0 out of 5 stars,"13,934","Fur Jaden, 3-C, Jai Hind Bld, Dr AM Road, Bhuleshwar, Mumbai 400002, 8080888028",B078GLXMDY
https://www.amazon.in//American-Tourister-BACKPACK-COMPARTMENT-ORGANIZER/dp/B0BTD4S4XF/ref=sr_1_24?crid=2M096C61O4MLT&keywords=bags&qid=1692642375&sprefix=ba%2Caps%2C283&sr=8-24,"American Tourister VALEX BLACK LAPTOP BACKPACK 28 Ltrs,Volume, LAPTOP COMPARTMENT, BOTTLE POCKET, FRONT ORGANIZER  ","₹1,399",4.3 out of 5 stars,847,"EXPERTS, China",B0BTD4S4XF
https://www.amazon.in//Lunars-V-Line-Resistant-Bagpack-College/dp/B08BP5CYDV/ref=sr_1_25?crid=2M096C61O4MLT&keywords=bags&qid=1692642375&sprefix=ba%2Caps%2C283&sr=8-25,"Lunar's V-Line Backpack for Men, Blue | 35L Water Resistant School Bags for Boys | Stylish, & Durable | College Bags for Men/College Bag for Girls | 1 Yr Warranty  ",₹735,4.1 out of 5 stars,"2,683",Lunar's,B08BP5CYDV
https://www.amazon.in//Safari-Laptop-Backpack-Resistant-Fabric/dp/B09B28TKLG/ref=sr_1_26?crid=2M096C61O4MLT&keywords=bags&qid=1692642375&sprefix=ba%2Caps%2C283&sr=8-26,Safari Quill Large Laptop Backpack 26 Ltrs Water Resistant Fabric - Blue  ,₹859,4.0 out of 5 stars,773,"Safari Industries, 302-303, A Wing, The Qube CTS No.1498, A/2, Sir Mathuradas Vasanji Rd, Marol, Andheri East, Mumbai, Maharashtra 400059",B09B28TKLG
https://www.amazon.in//sspa/click?ie=UTF8&spc=MTo3ODU3NDY1OTc2OTQyMTE4OjE2OTI2NDIzNzU6c3BfbXRmOjIwMTA1NzE1ODIxNTk4OjowOjo&url=%2Fuppercase-Professional-resistant-sustainable-Anti-theft%2Fdp%2FB0BR1C59R8%2Fref%3Dsr_1_27_sspa%3Fcrid%3D2M096C61O4MLT%26keywords%3Dbags%26qid%3D1692642375%26sprefix%3Dba%252Caps%252C283%26sr%3D8-27-spons%26sp_csd%3Dd2lkZ2V0TmFtZT1zcF9tdGY%26psc%3D1,"uppercase SealPro Professional Laptop Backpack (15.6 Inch) 3x more water resistant sustainable bags with rain proof zippers & Anti-theft for Men, Women, Boys and Girls, 750 Days warranty  ","₹1,900",4.5 out of 5 stars,78,"Acefour Accessories Pvt. Ltd., Acefour Accessories Pvt. Ltd. , Lodha Supremus Corp. Tower, Unit 1202,12th Floor,Saki Vihar road, Chandivali, Tunga Village, Opp. MTNL office, Andheri E, Mumbai -400072, Maharashtra, India. Customer Care: Email : customercare@uppercase.co.in & Contact no. +91 8691 800 800",B0BR1C59R8
https://www.amazon.in//sspa/click?ie=UTF8&spc=MTo3ODU3NDY1OTc2OTQyMTE4OjE2OTI2NDIzNzU6c3BfbXRmOjIwMTEyMDk2MzE3NTk4OjowOjo&url=%2Fuppercase-Professional-Anti-theft-resistant-sustainable%2Fdp%2FB0BSH4H4DB%2Fref%3Dsr_1_28_sspa%3Fcrid%3D2M096C61O4MLT%26keywords%3Dbags%26qid%3D1692642375%26sprefix%3Dba%252Caps%252C283%26sr%3D8-28-spons%26sp_csd%3Dd2lkZ2V0TmFtZT1zcF9tdGY%26psc%3D1,"uppercase Matrix Professional Anti-theft Laptop Backpack (15.6 Inch) 3x more water resistant sustainable bags with rain proof zippers for Men, Women, Boys and Girls, 750 Days warranty  ","₹2,300",4.2 out of 5 stars,62,"Acefour Accessories Pvt. Ltd., Acefour Accessories Pvt. Ltd. , Lodha Supremus Corp. Tower, Unit 1202,12th Floor,Saki Vihar road, Chandivali, Tunga Village, Opp. MTNL office, Andheri E, Mumbai -400072, Maharashtra, India. Customer Care: Email : customercare@uppercase.co.in & Contact no. +91 8691 800 800",B0BSH4H4DB
https://www.amazon.in//ADISA-BP005-Weight-Casual-Backpack/dp/B07F3X45WZ/ref=sr_1_29?crid=2M096C61O4MLT&keywords=bags&qid=1692642375&sprefix=ba%2Caps%2C283&sr=8-29,ADISA Light Weight Laptop Backpack 32 Ltrs  ,₹499,4.0 out of 5 stars,"6,089","ADISA, ADISA INTERNATIONAL, 42/34, Upper Ground Floor, DLF Industrial Area, Kirti Nagar, New Delhi 110015, careadisa@gmail.com",B07F3X45WZ
https://www.amazon.in//FATMUG-Laptop-Bag-Men-Convertible/dp/B084LF4RT5/ref=sr_1_30?crid=2M096C61O4MLT&keywords=bags&qid=1692642375&sprefix=ba%2Caps%2C283&sr=8-30,"FATMUG Laptop Bag For Men - Convertible Backpack For Office And Travel (Dark Grey,Oxford Fabric)  ","₹1,699",4.4 out of 5 stars,"2,313",Fatmug Designs,B084LF4RT5
https://www.amazon.in//ADISA-Casual-Backpack-College-BP046-NAV_Navy/dp/B0BX3QFVSM/ref=sr_1_31?crid=2M096C61O4MLT&keywords=bags&qid=1692642375&sprefix=ba%2Caps%2C283&sr=8-31,ADISA 31 Ltrs Casual Backpack School College Bag Pack  ,₹399,4.0 out of 5 stars,205,"ADISA, ADISA INTERNATIONAL, 42/34, Upper Ground Floor, DLF Industrial Area, Kirti Nagar, New Delhi 110015, careadisa@gmail.com",B0BX3QFVSM
https://www.amazon.in//Half-Moon-Laptop-Bag-Compartment/dp/B0C1NZLF67/ref=sr_1_32?crid=2M096C61O4MLT&keywords=bags&qid=1692642375&sprefix=ba%2Caps%2C283&sr=8-32,Half Moon Valex Unisex School Bag/ 15.6 inch Laptop Backpack/College Bagpack/Office Back Packed | Laptop Bag for Men & Women | School Bags for Boys & Girls with Small Pockets & Laptop Compartment  ,₹649,3.7 out of 5 stars,93,Half_Moon,B0C1NZLF67
https://www.amazon.in//WILDHORN-Backpack-Compartment-Business-Stitching/dp/B09QL66G55/ref=sr_1_33?crid=2M096C61O4MLT&keywords=bags&qid=1692642375&sprefix=ba%2Caps%2C283&sr=8-33,"WILDHORN 31L Laptop Backpack for Men/Women I Fits upto 15.6"" Laptop I Waterproof I Travel/Business/College Bookbags  ",₹599,4.0 out of 5 stars,"1,609","WildHorn, ADL International, 61 B/H G.J. Khan Road, kolkata-700039, Contact: +91 9051643604",B09QL66G55
https://www.amazon.in//FUR-JADEN-Backpack-Accessories-Organiser/dp/B0BSHBH9K2/ref=sr_1_34?crid=2M096C61O4MLT&keywords=bags&qid=1692642375&sprefix=ba%2Caps%2C283&sr=8-34,"FUR JADEN 15.6 Inch Smart Laptop Backpack Bag With USB Charging Port, Anti Theft Pocket and Accessories Organiser for Men Women Boys Girls  ","₹1,329",4.1 out of 5 stars,693,"Fur Jaden, Fur Jaden, 3C Jai Hind Bld, Dr AM Road, Bhuleshwar, Mumbai 400002",B0BSHBH9K2
https://www.amazon.in//WILDHORN-Backpack-Compartment-Business-Stitching/dp/B09QL81ZHB/ref=sr_1_35?crid=2M096C61O4MLT&keywords=bags&qid=1692642375&sprefix=ba%2Caps%2C283&sr=8-35,"WILDHORN 31L Laptop Backpack for Men/Women I Fits upto 15.6"" Laptop I Waterproof I Travel/Business/College Bookbags  ",₹599,4.0 out of 5 stars,"1,609","WildHorn, ADL International, 61 B/H G.J. Khan Road, kolkata-700039, Contact: +91 9051643604",B09QL81ZHB
https://www.amazon.in//Arctic-Fox-Liters-String-Backpack/dp/B08L6Q9V1H/ref=sr_1_36?crid=2M096C61O4MLT&keywords=bags&qid=1692642375&sprefix=ba%2Caps%2C283&sr=8-36,Arctic Fox 15 Liters Draw String Bag Lavender Backpack  ,₹209,4.2 out of 5 stars,"3,515","Arctic Fox, Outshiny India Pvt. Ltd. No.17, Ganesh Nagar, 8th B Cross Narayanappa Layout, Kodigehalli Bengaluru - 560097..",B08L6Q9V1H
https://www.amazon.in//sspa/click?ie=UTF8&spc=MTo3ODU3NDY1OTc2OTQyMTE4OjE2OTI2NDIzNzU6c3BfYnRmOjIwMDk3NTc5NTAxNzk4OjowOjo&url=%2FUppercase-Medium-Laptop-Backpack-2100Ebp1%2Fdp%2FB0B691HSL3%2Fref%3Dsr_1_37_sspa%3Fcrid%3D2M096C61O4MLT%26keywords%3Dbags%26qid%3D1692642375%26sprefix%3Dba%252Caps%252C283%26sr%3D8-37-spons%26sp_csd%3Dd2lkZ2V0TmFtZT1zcF9idGY%26psc%3D1,uppercase 14 Ltrs Medium (14.6 Inch) Laptop Backpack 2100EBP1 Roll Top Office College 3x More Water Repellent Sustainable Bags With Rainproof Zippers For Unisex  ,"₹1,000",4.2 out of 5 stars,179,"Acefour Accessories Pvt. Ltd., Acefour Accessories Pvt. Ltd. , Lodha Supremus Corp. Tower, Unit 1202,12th Floor,Saki Vihar road, Chandivali, Tunga Village, Opp. MTNL office, Andheri E, Mumbai -400072, Maharashtra, India. Customer Care: Email : customercare@uppercase.co.in & Contact no. +91 8691 800 800",B0B691HSL3
https://www.amazon.in//sspa/click?ie=UTF8&spc=MToyNjEwNTM5MDQ2MTUzOTg4OjE2OTI2NDIzODE6c3BfYXRmX25leHQ6MjAxNjE3NzMxODY4OTg6OjA6Og&url=%2FContacts-Unisex-Vintage-Backpack-Charging%2Fdp%2FB0C4PV38VB%2Fref%3Dsr_1_33_sspa%3Fcrid%3D2M096C61O4MLT%26keywords%3Dbags%26qid%3D1692642381%26sprefix%3Dba%252Caps%252C283%26sr%3D8-33-spons%26sp_csd%3Dd2lkZ2V0TmFtZT1zcF9hdGZfbmV4dA%26psc%3D1,Contacts Unisex Vintage Travel Laptop Backpack with usb Charging Port Fits Upto 15.6 Inch Laptop - Black…  ,"₹1,199",3.8 out of 5 stars,"1,170",,B0C4PV38VB
https://www.amazon.in//sspa/click?ie=UTF8&spc=MToyNjEwNTM5MDQ2MTUzOTg4OjE2OTI2NDIzODE6c3BfYXRmX25leHQ6MjAxMDU0NTE4NTE1OTg6OjA6Og&url=%2Fuppercase-Professional-Backpack-resistant-sustainable%2Fdp%2FB0BR1D4SL1%2Fref%3Dsr_1_34_sspa%3Fcrid%3D2M096C61O4MLT%26keywords%3Dbags%26qid%3D1692642381%26sprefix%3Dba%252Caps%252C283%26sr%3D8-34-spons%26sp_csd%3Dd2lkZ2V0TmFtZT1zcF9hdGZfbmV4dA%26psc%3D1,"uppercase Apex Professional Laptop Backpack (15.6 Inch) 3x more water resistant sustainable bags with rain proof zippers for Men, Women, Boys and Girls, 750 Days warranty  ","₹1,800",4.4 out of 5 stars,89,"Acefour Accessories Pvt. Ltd., Acefour Accessories Pvt. Ltd. , Lodha Supremus Corp. Tower, Unit 1202,12th Floor,Saki Vihar road, Chandivali, Tunga Village, Opp. MTNL office, Andheri E, Mumbai -400072, Maharashtra, India. Customer Care: Email : customercare@uppercase.co.in & Contact no. +91 8691 800 800",B0BR1D4SL1
https://www.amazon.in//Gear-Black-Laptop-Backpack-LBPASPIRE0104/dp/B075MK4TXP/ref=sr_1_35?crid=2M096C61O4MLT&keywords=bags&qid=1692642381&sprefix=ba%2Caps%2C283&sr=8-35,Gear Aspire 30L Water Restant Office Laptop Bag/Backpack for Men/Women/(Black)  ,"₹1,115",4.4 out of 5 stars,"6,153","Gear Merchandise PVT LTD, Gear Merchandise PVT LTD E/12 West Chowbaga Gulshan colony KoLkata-700100 Contact 9830403366",B075MK4TXP
https://www.amazon.in//SAFARI-Ltrs-Casual-Backpack-DAYPACKNEO15CBSEB/dp/B07Q7CNPMV/ref=sr_1_36?crid=2M096C61O4MLT&keywords=bags&qid=1692642381&sprefix=ba%2Caps%2C283&sr=8-36,Safari Compact Size 15 Ltrs Casual Backpack For Unisex Adult - Sea Blue  ,₹329,4.0 out of 5 stars,"20,481","Safari Industries (India) Ltd, Safari Industries Ltd 301/302, A-Wing, The Qube, M.V.Road, Marol, Andheri(East), Near international Airport Mumbai- 400059 +91-22-40381851/838",B07Q7CNPMV
https://www.amazon.in//ADISA-Laptop-Backpack-Office-College/dp/B0BPTV3795/ref=sr_1_37?crid=2M096C61O4MLT&keywords=bags&qid=1692642381&sprefix=ba%2Caps%2C283&sr=8-37,ADISA 32L large laptop backpack office bag college travel back pack with rain cover  ,₹599,3.8 out of 5 stars,320,"ADISA, ADISA INTERNATIONAL, 42/34, Upper Ground Floor, DLF Industrial Area, Kirti Nagar, New Delhi 110015, careadisa@gmail.com",B0BPTV3795
https://www.amazon.in//Zebronics-TechshieldA1-Compartment-15-6-inch-Polyester/dp/B0C6QV9GCY/ref=sr_1_38?crid=2M096C61O4MLT&keywords=bags&qid=1692642381&sprefix=ba%2Caps%2C283&sr=8-38,"Zebronics TechshieldA1, 18 Liters, 1 Compartment Laptop Backpack and Front Pocket, fit Up to 15.6-inch Laptop, Polyester Fabric, Office Use and Mini Business Travel Bags (Light Grey)  ",₹599,5.0 out of 5 stars,4,Zebronics India Private Limited,B0C6QV9GCY
https://www.amazon.in//ADISA-Laptop-Backpack-Office-College/dp/B0BPVCBFM7/ref=sr_1_39?crid=2M096C61O4MLT&keywords=bags&qid=1692642381&sprefix=ba%2Caps%2C283&sr=8-39,ADISA 32L large laptop backpack office bag college travel back pack with rain cover  ,₹599,3.8 out of 5 stars,320,"ADISA, ADISA INTERNATIONAL, 42/34, Upper Ground Floor, DLF Industrial Area, Kirti Nagar, New Delhi 110015, careadisa@gmail.com",B0BPVCBFM7
https://www.amazon.in//Safari-Laptop-Backpack-Compartments-Resistant/dp/B09B27S9SG/ref=sr_1_40?crid=2M096C61O4MLT&keywords=bags&qid=1692642381&sprefix=ba%2Caps%2C283&sr=8-40,"Safari Tribe 35 Ltrs Large Laptop Backpack with 3 Compartments, Water Resistant Fabric - Black (TRIBE19CBBLK)  ","₹1,109",3.8 out of 5 stars,"1,711","Safari Industries, 302-303, A Wing, The Qube CTS No.1498, A/2, Sir Mathuradas Vasanji Rd, Marol, Andheri East, Mumbai, Maharashtra 400059",B09B27S9SG
https://www.amazon.in//Half-Moon-Trekking-Bags-Compartment/dp/B08PSX1LN9/ref=sr_1_41?crid=2M096C61O4MLT&keywords=bags&qid=1692642381&sprefix=ba%2Caps%2C283&sr=8-41,Half Moon 45L Hammer Waterproof Laptop Travelling Rucksack Trekking Backpack for Travel Journey bags for Men Women Boys & Girls with 17.3inch Laptop Compartment & Rain cover  ,"₹1,349",4.1 out of 5 stars,"1,426",AB Amazing Bags,B08PSX1LN9
https://www.amazon.in//Genie-Flamenco2-Backpack-Compatible-Resistant/dp/B08YF9VHTY/ref=sr_1_42?crid=2M096C61O4MLT&keywords=bags&qid=1692642381&sprefix=ba%2Caps%2C283&sr=8-42,Genie Flamenco2 Casual Backpacks for Women  ,₹733,4.3 out of 5 stars,"1,554","Safari, 302-303, A Wing, The Qube CTS No.1498, Andheri East, Mumbai, MH-400059, 302-303, A Wing, The Qube CTS No.1498, A/2, Sir Mathuradas Vasanji Rd, Marol, Andheri East, Mumbai, Maharashtra 400059",B08YF9VHTY
https://www.amazon.in//sspa/click?ie=UTF8&spc=MToyNjEwNTM5MDQ2MTUzOTg4OjE2OTI2NDIzODE6c3BfbXRmOjIwMTYxOTAxMDE1MDk4OjowOjo&url=%2FSPENZ-BAGS-Backpack-Raincover-Ice-Blue%2Fdp%2FB0C3RLDGSQ%2Fref%3Dsr_1_43_sspa%3Fcrid%3D2M096C61O4MLT%26keywords%3Dbags%26qid%3D1692642381%26sprefix%3Dba%252Caps%252C283%26sr%3D8-43-spons%26sp_csd%3Dd2lkZ2V0TmFtZT1zcF9tdGY%26psc%3D1,"SPENZ BAGS Travel Laptop Backpack for Women & Men|Carry On Bag, College & School Students Bookbag With Raincover  ",₹845,4.0 out of 5 stars,161,"Spenz Bags, Spenz Bags",B0C3RLDGSQ
https://www.amazon.in//sspa/click?ie=UTF8&spc=MToyNjEwNTM5MDQ2MTUzOTg4OjE2OTI2NDIzODE6c3BfbXRmOjIwMDY1NTMzNjg0Njk4OjowOjo&url=%2FUppercase-Medium-Size-Backpack-_Blue%2Fdp%2FB0B81YTTWS%2Fref%3Dsr_1_44_sspa%3Fcrid%3D2M096C61O4MLT%26keywords%3Dbags%26qid%3D1692642381%26sprefix%3Dba%252Caps%252C283%26sr%3D8-44-spons%26sp_csd%3Dd2lkZ2V0TmFtZT1zcF9tdGY%26psc%3D1,"uppercase Medium 23 Ltrs Tall Boy (14.6 inch) Laptop Backpack 2500EBP1 3x more water resistant sustainable bag with rain proof zippers for Men, Women, Boys and Girls, 750 Days warranty  ","₹1,700",4.0 out of 5 stars,269,"Acefour Accessories Pvt. Ltd., Acefour Accessories Pvt. Ltd. , Lodha Supremus Corp. Tower, Unit 1202,12th Floor,Saki Vihar road, Chandivali, Tunga Village, Opp. MTNL office, Andheri E, Mumbai -400072, Maharashtra, India. Customer Care: Email : customercare@uppercase.co.in & Contact no. +91 8691 800 800",B0B81YTTWS
https://www.amazon.in//Safari-Backpack-Resistant-Polyester-Travelling/dp/B09B26VHXV/ref=sr_1_45?crid=2M096C61O4MLT&keywords=bags&qid=1692642381&sprefix=ba%2Caps%2C283&sr=8-45,"Safari Flash Casual Backpack, 26 ltr Water Resistant Travel Bags| Weight Polyester Bagpack for Men and Women, Spacious Shoulder Bag for College, Office, Travelling and Camping  ",₹809,3.8 out of 5 stars,"3,150","Safari Industries, 302-303, A Wing, The Qube CTS No.1498, A/2, Sir Mathuradas Vasanji Rd, Marol, Andheri East, Mumbai, Maharashtra 400059",B09B26VHXV
https://www.amazon.in//SFANE-Duffel-Shoulder-Women-Compartment/dp/B07XXFB9CZ/ref=sr_1_46?crid=2M096C61O4MLT&keywords=bags&qid=1692642381&sprefix=ba%2Caps%2C283&sr=8-46,Sfane Polyester 23cms Duffle/Shoulder/Gym Bag for Men & Women with Separate Shoe Compartment (Grey)  ,₹387,4.3 out of 5 stars,"7,909","Sfane, Sfane Trends",B07XXFB9CZ
https://www.amazon.in//TRUE-Emperor-Anti-Theft-backpack-charging/dp/B0BYB631NR/ref=sr_1_47?crid=2M096C61O4MLT&keywords=bags&qid=1692642381&sprefix=ba%2Caps%2C283&sr=8-47,"TRUE HUMAN® Emperor Anti-Theft Pocket backpack With USB charging Port Laptop,office,college,travel bag for men and women(Epower)  ",₹599,3.7 out of 5 stars,261,Rama luxury store,B0BYB631NR
https://www.amazon.in//Number-Backpack-Compartment-Charging-Organizer/dp/B09VTC876Z/ref=sr_1_48?crid=2M096C61O4MLT&keywords=bags&qid=1692642381&sprefix=ba%2Caps%2C283&sr=8-48,"FUR JADEN Anti Theft Number Lock Backpack Bag with 15.6 Inch Laptop Compartment, USB Charging Port & Organizer Pocket for Men Women Boys Girls  ",₹670,4.0 out of 5 stars,"5,603","FUR JADEN, Fur Jaden, 3C Jai Hind Bld, Dr AM Road, Bhuleshwar, Mumbai 400002",B09VTC876Z
https://www.amazon.in//Zipline-Nexa-Resistant-Bagpack-Backpack/dp/B08WQ668WJ/ref=sr_1_49?crid=2M096C61O4MLT&keywords=bags&qid=1692642381&sprefix=ba%2Caps%2C283&sr=8-49,Zipline Unisex Casual Polyester 36 L Backpack School Bag Women Men Boys Girls Children Daypack College Bag Book School Sports Bag  ,₹843,3.6 out of 5 stars,912,"Atulitu Agency, 251/3364, Tagore Nagar - 1, Vikhroli East, Mumbai - 400093",B08WQ668WJ
https://www.amazon.in//Motherly-Stylish-Babies-Diaper-Mothers/dp/B07DMKJJB4/ref=sr_1_50?crid=2M096C61O4MLT&keywords=bags&qid=1692642381&sprefix=ba%2Caps%2C283&sr=8-50,motherly Stylish Babies Diaper Bags for Mothers - Economical Version (Grey and Pink)  ,"₹1,799",4.6 out of 5 stars,"5,922",Motherly,B07DMKJJB4
https://www.amazon.in//Gear-Beige-Casual-Backpack-BKPTRMP520522/dp/B00VWM11HQ/ref=sr_1_51?crid=2M096C61O4MLT&keywords=bags&qid=1692642381&sprefix=ba%2Caps%2C283&sr=8-51,Gear Triumph Summer Print 26L Water Resistant Backpack with Rain Cover/School Bag/College Bag/Daypack/Casual Backack for Girls/Women (Blue-Beige)  ,₹797,4.2 out of 5 stars,"5,726","Gear Merchandise PVT LTD, Gear Merchandise PVT LTD E/12 West Chowbaga Gulshan colony KoLkata-700100 Contact 9830403366",B00VWM11HQ
https://www.amazon.in//Step-Backpack-Small-Water-Repellant/dp/B088XG77KN/ref=sr_1_52?crid=2M096C61O4MLT&keywords=bags&qid=1692642381&sprefix=ba%2Caps%2C283&sr=8-52,"Mi Step Out 12 L Mini Backpack (Small Size, Red, Water Repellant)  ",₹398,4.1 out of 5 stars,"9,706",Korrun India Pvt. Ltd,B088XG77KN
https://www.amazon.in//sspa/click?ie=UTF8&spc=MToyNjEwNTM5MDQ2MTUzOTg4OjE2OTI2NDIzODE6c3BfYnRmOjIwMTA4NDc1MDc0Njk4OjowOjo&url=%2Fuppercase-Professional-Backpack-resistant-sustainable%2Fdp%2FB0BRMWDNZ7%2Fref%3Dsr_1_53_sspa%3Fcrid%3D2M096C61O4MLT%26keywords%3Dbags%26qid%3D1692642381%26sprefix%3Dba%252Caps%252C283%26sr%3D8-53-spons%26sp_csd%3Dd2lkZ2V0TmFtZT1zcF9idGY%26psc%3D1,"uppercase 26 Ltrs Ryder Professional Laptop Backpack (15.6 Inch) 3x more water resistant sustainable bags with rain proof zippers for Men, Women, Boys and Girls, 750 Days warranty  ","₹2,400",4.3 out of 5 stars,78,"Acefour Accessories Pvt. Ltd., Acefour Accessories Pvt. Ltd. , Lodha Supremus Corp. Tower, Unit 1202,12th Floor,Saki Vihar road, Chandivali, Tunga Village, Opp. MTNL office, Andheri E, Mumbai -400072, Maharashtra, India. Customer Care: Email : customercare@uppercase.co.in & Contact no. +91 8691 800 800",B0BRMWDNZ7
https://www.amazon.in//sspa/click?ie=UTF8&spc=MTo3NTg5OTkzMzU5NzM1NDY1OjE2OTI2NDIzODc6c3BfYXRmX25leHQ6MzAwMDA1ODI3MDUwNTMyOjowOjo&url=%2FAristocrat-Ltrs-Black-Rucksack-Duro%2Fdp%2FB07VB76WL9%2Fref%3Dsr_1_49_sspa%3Fcrid%3D2M096C61O4MLT%26keywords%3Dbags%26qid%3D1692642387%26sprefix%3Dba%252Caps%252C283%26sr%3D8-49-spons%26sp_csd%3Dd2lkZ2V0TmFtZT1zcF9hdGZfbmV4dA%26psc%3D1,Aristocrat 45 Ltrs Black Rucksack  ,"₹1,681",4.0 out of 5 stars,343,"Aristocrat, VIP Industries Ltd, DGP House, 5 th Floor, 88C Old Prabhadevi Road, Mumbai, Maharashtra - 400025; 24X7 Toll Free Helpline No. 1800-1022-256",B07VB76WL9
https://www.amazon.in//sspa/click?ie=UTF8&spc=MTo3NTg5OTkzMzU5NzM1NDY1OjE2OTI2NDIzODc6c3BfYXRmX25leHQ6MzAwMDA4MDIwNTg5NzMyOjowOjo&url=%2FAristocrat-Space-Unisex-Wine-Laptop%2Fdp%2FB0B5YGJQSV%2Fref%3Dsr_1_50_sspa%3Fcrid%3D2M096C61O4MLT%26keywords%3Dbags%26qid%3D1692642387%26sprefix%3Dba%252Caps%252C283%26sr%3D8-50-spons%26sp_csd%3Dd2lkZ2V0TmFtZT1zcF9hdGZfbmV4dA%26psc%3D1,Aristocrat Hi Space 40L Unisex Wine Laptop Bags  ,"₹1,051",4.1 out of 5 stars,11,"VIP Industries Ltd. DGP House, 5th Floor, 88C Old Prabhadevi Road, Mumbai 400025, VIP Industries Ltd. DGP House, 5th Floor, 88C Old Prabhadevi Road, Mumbai 400025",B0B5YGJQSV
https://www.amazon.in//Gear-Vintage2-Leather-Backpack-LBPVG2LTH0501/dp/B07G4HH78P/ref=sr_1_51?crid=2M096C61O4MLT&keywords=bags&qid=1692642387&sprefix=ba%2Caps%2C283&sr=8-51,Gear Vintage2 28L Medium Size Faux Leather Water Resistant Anti Theft Unisex LaptopBackpack- Navy  ,₹969,4.4 out of 5 stars,"3,350","Gear Merchandise PVT LTD, Gear Merchandise PVT LTD E/12 West Chowbaga Gulshan colony KoLkata-700100 Contact 9830403366",B07G4HH78P
https://www.amazon.in//Safari-Spartan-Water-Resistant-Backpack/dp/B09B277CR5/ref=sr_1_52?crid=2M096C61O4MLT&keywords=bags&qid=1692642387&sprefix=ba%2Caps%2C283&sr=8-52,"Safari Spartan 21 Ltrs Water Resistant Backpack - Teal, S (SPARTAN19CBTEA)  ",₹609,3.8 out of 5 stars,953,"Safari Industries, 302-303, A Wing, The Qube CTS No.1498, A/2, Sir Mathuradas Vasanji Rd, Marol, Andheri East, Mumbai, Maharashtra 400059",B09B277CR5
https://www.amazon.in//Casual-Backpack-Charging-Laptop-Compartment/dp/B07J46KLFP/ref=sr_1_53?crid=2M096C61O4MLT&keywords=bags&qid=1692642387&sprefix=ba%2Caps%2C283&sr=8-53,"Fur Jaden 15.6 Inch Laptop Backpack 25 LTR Bag for School, College and Office with USB Charging Port  ",₹479,3.9 out of 5 stars,"10,361","Fur Jaden, Fur Jaden 3-C, Jai Hind Bld, Dr AM Road, Bhuleshwar, Mumbai 400002, 8080888028",B07J46KLFP
https://www.amazon.in//LOOKMUSTER-Waterproof-Backpack-College-Business/dp/B0BZW8KW18/ref=sr_1_54?crid=2M096C61O4MLT&keywords=bags&qid=1692642387&sprefix=ba%2Caps%2C283&sr=8-54,LOOKMUSTER (15.6 inch 30 L Casual Waterproof Laptop Backpack/Office Bag/School Bag/College Bag/Business Bag/Unisex Travel Backpack  ,₹439,3.8 out of 5 stars,54,"LOOKMUSTER, ABU GROUP OF INDUSTRIES B-3/406 AGAR NAGAR PREM NAGAR-RD KIRARI SULEMAN NAGAR DELHI-110086",B0BZW8KW18
https://www.amazon.in//Martucci-Casual-Travelling-Laptop-Backpack/dp/B088B4P6ZW/ref=sr_1_55?crid=2M096C61O4MLT&keywords=bags&qid=1692642387&sprefix=ba%2Caps%2C283&sr=8-55,Martucci 15.6 inch 30 L Casual Waterproof Laptop Backpack/Office Bag/School Bag/College Bag/Business Bag/Unisex Travel Backpack(Black)  ,₹549,3.9 out of 5 stars,"7,765",Martucci,B088B4P6ZW
https://www.amazon.in//ZIPLINE-Polyester-Backpack-Children-Daypack/dp/B07XVMR33Q/ref=sr_1_56?crid=2M096C61O4MLT&keywords=bags&qid=1692642387&sprefix=ba%2Caps%2C283&sr=8-56,Zipline Unisex casual polyester 36 L Backpack School Bag Women Men Boys Girls children Daypack College Bag Book School Sports Bag Weekend Bag  ,₹843,4.0 out of 5 stars,"6,339","Atulitu Agency, ,251/3364, Tagore Nagar - 1, Vikhroli East, Mumbai - 400083 (9820078070)",B07XVMR33Q
https://www.amazon.in//Nivia-5183-Polyester-Duffle-Medium/dp/B071KNXQ7Y/ref=sr_1_57?crid=2M096C61O4MLT&keywords=bags&qid=1692642387&sprefix=ba%2Caps%2C283&sr=8-57,NIVIA Beast Gym Bag-4 Polyester/Unisex Gym Bags/Shoulder Bag for Men & Women with Separate Shoes Compartment/Carry Gym Accessories/Fitness Bag/Sports & Travel Bag/Sports Kit  ,₹499,4.2 out of 5 stars,"3,503","Freewill Sports Private Limited, Freewill Sports Pvt Ltd. - 391 Leather Complex Kapurthala Road Jalandhar,144021 (Punjab) Contact No. - 0181-5057000,5099000",B071KNXQ7Y
https://www.amazon.in//Safari-Overnighter-Resistant-Polyester-Travelling/dp/B097JK3X9D/ref=sr_1_58?crid=2M096C61O4MLT&keywords=bags&qid=1692642387&sprefix=ba%2Caps%2C283&sr=8-58,"Safari Crew Overnighter Backpack, 40 Ltr Water Resistant Travel Laptop Bag, Black Polyester Backpack for Men and Women, Spacious Shoulder Bag for Travelling and Camping  ","₹1,709",4.3 out of 5 stars,260,"Safari, Safari Industries Ltd 301/302, A-Wing, The Qube, M.V.Road, Marol, Andheri(East), Near international Airport Mumbai- 400059 +91-22-40381851/838",B097JK3X9D
https://www.amazon.in//sspa/click?ie=UTF8&spc=MTo3NTg5OTkzMzU5NzM1NDY1OjE2OTI2NDIzODc6c3BfbXRmOjMwMDAyNDk5ODI1NzczMjo6MDo6&url=%2FEUME-Ease-Built-Anti-Theft-Up%2Fdp%2FB07NZBG7YX%2Fref%3Dsr_1_59_sspa%3Fcrid%3D2M096C61O4MLT%26keywords%3Dbags%26qid%3D1692642387%26sprefix%3Dba%252Caps%252C283%26sr%3D8-59-spons%26sp_csd%3Dd2lkZ2V0TmFtZT1zcF9tdGY%26psc%3D1,"EUME Ease - 31L Premium Laptop Bag for Men, Black | Built-in Massager, Water Resistant & Anti-Theft | Fits Up-to 15.6"" MacBook | Travel Bag | Business Bag |Office Bag for Men & Women  ","₹5,599",3.8 out of 5 stars,23,"Eume, Designed By EUME Lifetsyle Pvt Ltd, Bldg No.193, Indian Corporation, Dapode Road, Mankoli Naka, BHIWANDI MAHARASHTRA India 421302 Customer Care : 9321366003",B07NZBG7YX
https://www.amazon.in//sspa/click?ie=UTF8&spc=MTo3NTg5OTkzMzU5NzM1NDY1OjE2OTI2NDIzODc6c3BfbXRmOjMwMDAzNzc3ODQ0NDczMjo6MDo6&url=%2Fnano17-Waterproof-Backpack-College-Business%2Fdp%2FB0BQ6ZPLFK%2Fref%3Dsr_1_60_sspa%3Fcrid%3D2M096C61O4MLT%26keywords%3Dbags%26qid%3D1692642387%26sprefix%3Dba%252Caps%252C283%26sr%3D8-60-spons%26sp_csd%3Dd2lkZ2V0TmFtZT1zcF9tdGY%26psc%3D1,BORA Bag nano17 Waterproof Laptop Backpack/Office Bag/School Bag/College Bag/Business Bag/Travel Blue Yellow Casual Utility Backpack (Leather Edition)  ,₹459,4.1 out of 5 stars,9,O2 INDIA,B0BQ6ZPLFK
https://www.amazon.in//Lavie-Odiase-Womens-Satchel-Handbag/dp/B08SW9RJ75/ref=sr_1_61?crid=2M096C61O4MLT&keywords=bags&qid=1692642387&sprefix=ba%2Caps%2C283&sr=8-61,Lavie Women's Odiase Medium Satchel Bag | Ladies Purse Handbag  ,"₹1,099",4.1 out of 5 stars,"1,515","Bagzone Lifestyle Pvt Ltd, Bagzone Lifestyle Pvt Ltd | | LAVIE 402, Ackruti Star, MIDC Central Road, Andheri East, Mumbai – 400093.",B08SW9RJ75
https://www.amazon.in//Safari-Spartan-Water-Resistant-Backpack/dp/B09B26MB5M/ref=sr_1_62?crid=2M096C61O4MLT&keywords=bags&qid=1692642387&sprefix=ba%2Caps%2C283&sr=8-62,"Safari Spartan 21 Ltrs Water Resistant Backpack - Blue, S (SPARTAN19CBBLU)  ",₹609,3.8 out of 5 stars,974,"Safari Industries, 302-303, A Wing, The Qube CTS No.1498, A/2, Sir Mathuradas Vasanji Rd, Marol, Andheri East, Mumbai, Maharashtra 400059",B09B26MB5M
https://www.amazon.in//HP-Lightweight-200-Green-Backpack/dp/B08CY1XYFL/ref=sr_1_63?crid=2M096C61O4MLT&keywords=bags&qid=1692642387&sprefix=ba%2Caps%2C283&sr=8-63,"HP Lightweight 200 15.6-inch Laptop Backpack with Padded Shoulder Straps, Green  ","₹1,646",4.3 out of 5 stars,278,"Korrun India Pvt. Ltd., Korrun India Pvt. Ltd.",B08CY1XYFL
https://www.amazon.in//Half-Moon-Resistant-Backpack-Compartment/dp/B0BHX7GY16/ref=sr_1_64?crid=2M096C61O4MLT&keywords=bags&qid=1692642387&sprefix=ba%2Caps%2C283&sr=8-64,Half Moon Large 37L Laptop Bag Backpack for menं Women Boys and Girls Luggage Travel Bags with 17.3 inches Laptop Compartment & Rain Cover  ,₹849,3.9 out of 5 stars,"3,442",Amazing Bags,B0BHX7GY16
https://www.amazon.in//Safari-Casual-Backpack-Charging-Resistant/dp/B09B2581S9/ref=sr_1_65?crid=2M096C61O4MLT&keywords=bags&qid=1692642387&sprefix=ba%2Caps%2C283&sr=8-65,"Safari Sneak Casual Backpack with USB Charging Port 26 Ltrs Water Resistant Fabric - Grey, L (SNEAK19CBGRE)  ",₹959,3.7 out of 5 stars,"1,053","Safari Industries, 302-303, A Wing, The Qube CTS No.1498, A/2, Sir Mathuradas Vasanji Rd, Marol, Andheri East, Mumbai, Maharashtra 400059",B09B2581S9
https://www.amazon.in//Murano-Casual-daybackpack-Office-College/dp/B0BX9FLPNX/ref=sr_1_66?crid=2M096C61O4MLT&keywords=bags&qid=1692642387&sprefix=ba%2Caps%2C283&sr=8-66,Murano Louis 10ltr Casual daybackpack/Office & Travel Bag/School Bag/College Bag/Men/Women/Girl/Boy (Orange)  ,₹269,3.1 out of 5 stars,71,Avon Lifestyle Pvt Ltd,B0BX9FLPNX
https://www.amazon.in//Genie-Miami-litres-Casual-Backpack/dp/B07SRGGGNC/ref=sr_1_67?crid=2M096C61O4MLT&keywords=bags&qid=1692642387&sprefix=ba%2Caps%2C283&sr=8-67,"Genie Miami Laptop Backpack for Women,Tuition bag, 16 inches Office Bag, Sky Blue Stylish and Trendy Bag for Office and College  ",₹803,4.2 out of 5 stars,"1,484","Safari, Safari Industries(India)Ltd.,302-303,A-Wing,The Qube CTS no-1498,A/2,MV road,Marol, Andheri(E), Mumbai-400059, Maharashtra. Phone Number +919819547085, Email Id : customercare@safari.in",B07SRGGGNC
https://www.amazon.in//Nivia-6853-Polyester-Basic-Duffle/dp/B07FWQ9HRV/ref=sr_1_68?crid=2M096C61O4MLT&keywords=bags&qid=1692642387&sprefix=ba%2Caps%2C283&sr=8-68,NIVIA Basic Duffle Polyester Bag/Gym Bags/Adjustable Shoulder Bag for Men/Duffle Gym Bags for Men/Fitness Bag/Carry Bags/Sports & Travel Bag/Sports Kit/Duffle Bags Travel  ,₹269,4.0 out of 5 stars,"3,839","Freewill Sports Private Limited, Freewill Sports Private Limited - 391 Leather Complex Kapurthala Road Jalandhar,144021 (Punjab) Contact No. - 0181-5057000,5099000",B07FWQ9HRV
https://www.amazon.in//sspa/click?ie=UTF8&spc=MTo3NTg5OTkzMzU5NzM1NDY1OjE2OTI2NDIzODc6c3BfYnRmOjIwMDk3NjEyMjMxNjk4OjowOjo&url=%2Fuppercase-Backpack-1800EBP1-resistant-sustainable%2Fdp%2FB0B9T4YDPX%2Fref%3Dsr_1_69_sspa%3Fcrid%3D2M096C61O4MLT%26keywords%3Dbags%26qid%3D1692642387%26sprefix%3Dba%252Caps%252C283%26sr%3D8-69-spons%26sp_csd%3Dd2lkZ2V0TmFtZT1zcF9idGY%26psc%3D1,"uppercase Laptop Backpack Printed Compact 3x more water repellent sustainable bags with rain proof zippers for Men, Women, Boys & Girls(Pink)  ","₹1,200",4.4 out of 5 stars,35,"Acefour Accessories Pvt. Ltd., Acefour Accessories Pvt. Ltd. , Lodha Supremus Corp. Tower, Unit 1202,12th Floor,Saki Vihar road, Chandivali, Tunga Village, Opp. MTNL office, Andheri E, Mumbai -400072, Maharashtra, India. Customer Care: Email : customercare@uppercase.co.in & Contact no. +91 8691 800 800",B0B9T4YDPX
https://www.amazon.in//sspa/click?ie=UTF8&spc=MTo2NjE1MDk3OTAwNzcwMDg1OjE2OTI2NDIzOTQ6c3BfYXRmX25leHQ6MjAxMTgzNjI2ODYwOTg6OjA6Og&url=%2FUPPERCASE-Professional-Backpack-resistant-sustainable%2Fdp%2FB0BTYTY8GG%2Fref%3Dsr_1_65_sspa%3Fcrid%3D2M096C61O4MLT%26keywords%3Dbags%26qid%3D1692642394%26sprefix%3Dba%252Caps%252C283%26sr%3D8-65-spons%26sp_csd%3Dd2lkZ2V0TmFtZT1zcF9hdGZfbmV4dA%26psc%3D1,"UPPERCASE Sigma Professional Laptop Backpack (15.6 Inch) 3x more water resistant sustainable bags with rain proof zippers for Men, Women, Boys and Girls, 750 Days warranty  ","₹2,100",4.7 out of 5 stars,24,"Acefour Accessories Pvt. Ltd., Acefour Accessories Pvt. Ltd. , Lodha Supremus Corp. Tower, Unit 1202,12th Floor,Saki Vihar road, Chandivali, Tunga Village, Opp. MTNL office, Andheri E, Mumbai -400072, Maharashtra, India. Customer Care: Email : customercare@uppercase.co.in & Contact no. +91 8691 800 800",B0BTYTY8GG
https://www.amazon.in//sspa/click?ie=UTF8&spc=MTo2NjE1MDk3OTAwNzcwMDg1OjE2OTI2NDIzOTQ6c3BfYXRmX25leHQ6MjAxNDUzNTcxMDIyOTg6OjA6Og&url=%2Fuppercase-Professional-Anti-theft-resistant-sustainable%2Fdp%2FB0C1CBY2PJ%2Fref%3Dsr_1_66_sspa%3Fcrid%3D2M096C61O4MLT%26keywords%3Dbags%26qid%3D1692642394%26sprefix%3Dba%252Caps%252C283%26sr%3D8-66-spons%26sp_csd%3Dd2lkZ2V0TmFtZT1zcF9hdGZfbmV4dA%26psc%3D1,"uppercase Matrix Professional Anti-theft Laptop Backpack (15.6 Inch) 3x more water resistant sustainable bags with rain proof zippers for Men, Women, Boys and Girls, 750 Days warranty  ","₹2,300",4.2 out of 5 stars,62,"Acefour Accessories Pvt. Ltd., Acefour Accessories Pvt. Ltd. , Lodha Supremus Corp. Tower, Unit 1202,12th Floor,Saki Vihar road, Chandivali, Tunga Village, Opp. MTNL office, Andheri E, Mumbai -400072, Maharashtra, India",B0C1CBY2PJ
https://www.amazon.in//Nivia-Deflate-5180BK-Polyester-Round/dp/B07222KX3S/ref=sr_1_67?crid=2M096C61O4MLT&keywords=bags&qid=1692642394&sprefix=ba%2Caps%2C283&sr=8-67,NIVIA Deflate Round 01 Polyester Gym Bag/Unisex Gym Bags/Adjustable Shoulder Bag for Men/Duffle Gym Bags for Men/Carry Gym Accessories/Fitness Bag/Sports &Travel Bag/Gym kit Bag (Black)  ,₹459,4.2 out of 5 stars,"5,888","Freewill Sports Private Limited, Freewill Sports Private Limited - 391 Leather Complex Kapurthala Road Jalandhar,144021 (Punjab) Contact No. - 0181-5057000,5099000",B07222KX3S
https://www.amazon.in//ROZEN-School-partition-Collage-Backpack/dp/B0BRTDXVZC/ref=sr_1_68?crid=2M096C61O4MLT&keywords=bags&qid=1692642394&sprefix=ba%2Caps%2C283&sr=8-68,"ROZEN 47 Ltrs, 46 cms School Bag Class 5-12 Large 5 partition Laptop Collage Office Travel Backpack Unisex  ",₹697,4.0 out of 5 stars,199,"ROZEN, ROZEN",B0BRTDXVZC
https://www.amazon.in//Trajectory-Elegant-15-6-Laptop-Office/dp/B09RK6NCGC/ref=sr_1_69?crid=2M096C61O4MLT&keywords=bags&qid=1692642394&sprefix=ba%2Caps%2C283&sr=8-69,Trajectory 15.6 Inch Vegan Leather Messenger Laptop bag for men in Office for all laptop like Apple MacBook with 2 Years Warranty and Spacious Multiple Compartment with Expandable Bottom Used as Shoulder and Handbag for Men  ,"₹1,399",4.1 out of 5 stars,501,"Trajectory Marketing LLP, Customer support contact no:- 8178915719",B09RK6NCGC
https://www.amazon.in//Tabelito-NEO-Backpack-Business-Compartment/dp/B0C2D2Q52R/ref=sr_1_70?crid=2M096C61O4MLT&keywords=bags&qid=1692642394&sprefix=ba%2Caps%2C283&sr=8-70,"Tabelito® NEO 3O L Water Resistant Laptop/College/Office/School/Travel/Business Bag, Unisex Backpack for Men Women Fits Up to 15.6 Inch Laptop Notebook.  ",₹399,4.0 out of 5 stars,190,"‎Tabelito Trade India, ‎Tabelito Trade India, Tabelito Trade India, Prop No: 5, Ground Floor, Kh No:641, Village Rithala, Land Mark: Near Suzuki service center (Rithala), Contact : +919958166528",B0C2D2Q52R
https://www.amazon.in//School-school-partition-Collage-Backpack/dp/B09NNYCQ1Q/ref=sr_1_71?crid=2M096C61O4MLT&keywords=bags&qid=1692642394&sprefix=ba%2Caps%2C283&sr=8-71,URBAN CARRIER School Bag For girls school bags for boys Class 5-10 Large 4 partition 45 L Laptop Collage Office Travel Unisex Backpack  ,₹431,3.5 out of 5 stars,"1,080",URBAN CARRIER,B09NNYCQ1Q
https://www.amazon.in//Lenovo-Laptop-Backpack-15-6-Inch-GX40Q17225/dp/B075Y72PHZ/ref=sr_1_72?crid=2M096C61O4MLT&keywords=bags&qid=1692642394&sprefix=ba%2Caps%2C283&sr=8-72,"Lenovo 15.6"" Casual Backpack B210  ","₹1,019",4.1 out of 5 stars,"19,161","Lenovo, Ferns Icon, Level, 2, Outer Ring Rd, Doddanekundi, Mahadevapura, Bengaluru, Karnataka 560157, 1. DONGGUAN NIDAIKE ELECTRONIC TECHNOLOGY CO.,LTD. No.38 Taikang Street,Baihao Village, Houjie Town,Dongguan City,Guangdong Province,China-523957 2. Talent Hill Industrial Co., Ltd. Room 811, 7th Floor, No. 19 East tricy clic North Road , Chao yang District, Beijing, China.",B075Y72PHZ
https://www.amazon.in//AUXTER-BLACKY-Duffel-Emboss-Black/dp/B07F2H25NP/ref=sr_1_73?crid=2M096C61O4MLT&keywords=bags&qid=1692642394&sprefix=ba%2Caps%2C283&sr=8-73,AUXTER Faux Leather 23 Cms Duffle Bag(AUX_GB_LE_Black -SE__0521_Black)  ,₹429,4.3 out of 5 stars,"9,295","Auxter, (AUXTER ) GEE KAY ENTERPRISES ,72 Anoop Nagar Leather Complex Road,Jalandhar Punjab 140021 India . 8146718618 , auxterbags@gmail.com",B07F2H25NP
https://www.amazon.in//Half-Moon-Backpack-Spacious-Multiple/dp/B0C6N3MYL2/ref=sr_1_74?crid=2M096C61O4MLT&keywords=bags&qid=1692642394&sprefix=ba%2Caps%2C283&sr=8-74,Half Moon Aztec 37L School Bag Class 5-12 | College Bagpack for Men/College Back pack for Women | 15.6 inch Laptop Bag for Men/Backpack for Men | Spacious & Multiple Pockets  ,₹649,3.6 out of 5 stars,229,Half_Moon,B0C6N3MYL2
https://www.amazon.in//sspa/click?ie=UTF8&spc=MTo2NjE1MDk3OTAwNzcwMDg1OjE2OTI2NDIzOTQ6c3BfbXRmOjIwMTYxMTMxNzgyMjk4OjowOjo&url=%2FHalf-Moon-Backpack-Spacious-Multiple%2Fdp%2FB0C23Z9W18%2Fref%3Dsr_1_75_sspa%3Fcrid%3D2M096C61O4MLT%26keywords%3Dbags%26qid%3D1692642394%26sprefix%3Dba%252Caps%252C283%26sr%3D8-75-spons%26sp_csd%3Dd2lkZ2V0TmFtZT1zcF9tdGY%26psc%3D1,Half Moon Aztec 37L School Bag Class 5-12 | College Bagpack for Men/College Back pack for Women | 15.6 inch Laptop Bag for Men/Backpack for Men | Spacious & Multiple Pockets  ,₹649,3.6 out of 5 stars,229,Half_Moon,B0C23Z9W18
https://www.amazon.in//sspa/click?ie=UTF8&spc=MTo2NjE1MDk3OTAwNzcwMDg1OjE2OTI2NDIzOTQ6c3BfbXRmOjMwMDAzMjIxNDkwMTQzMjo6MDo6&url=%2FFancyku%25C2%25AE-Backpack-Cinnamon-Preschool-Kindergarten%2Fdp%2FB0CBSB43FQ%2Fref%3Dsr_1_76_sspa%3Fcrid%3D2M096C61O4MLT%26keywords%3Dbags%26qid%3D1692642394%26sprefix%3Dba%252Caps%252C283%26sr%3D8-76-spons%26sp_csd%3Dd2lkZ2V0TmFtZT1zcF9tdGY%26psc%3D1,"Fancyku® School Bag for Girls School Backpack Cartoon Cinnamon Dog School Bookbag Travel Backpack for Primary Students, Preschool Students Kindergarten Children Kids School Gift Birthday Gifts  ","₹1,299", , ,"FANCYKU, Raghu Trading Limited (HK)",B0CBSB43FQ
https://www.amazon.in//Safari-Swagpack-Backpack-Compartments-Raincover/dp/B09B2633BY/ref=sr_1_77?crid=2M096C61O4MLT&keywords=bags&qid=1692642394&sprefix=ba%2Caps%2C283&sr=8-77,Safari Swagpack 35 Ltrs Large Laptop Backpack With 3 Compartments and Raincover - Blue (SWAGPACK19CBBLU)  ,"₹1,255",3.8 out of 5 stars,494,"Safari Industries, 302-303, A Wing, The Qube CTS No.1498, A/2, Sir Mathuradas Vasanji Rd, Marol, Andheri East, Mumbai, Maharashtra 400059",B09B2633BY
https://www.amazon.in//HOEXL-Expandable-Laptop-Backpack-Water-resistant/dp/B0C3J2RLHP/ref=sr_1_78?crid=2M096C61O4MLT&keywords=bags&qid=1692642394&sprefix=ba%2Caps%2C283&sr=8-78,"HOEXL 42L Expandable Laptop Backpack - Premium Laptop Backpacks for Men, Women for Travel, School, College - Tech Bag with USB - Bagpacker Bag for Men, 17 inch Laptop Bags for Multipurpose with Water-resistant, Smart Bag with Multiple Compartments  ","₹2,699",5.0 out of 5 stars,33,"HOEXL, SSRN Enterprises",B0C3J2RLHP
https://www.amazon.in//Gear-Colorado-Orange-Laptop-Backpack/dp/B097K6KD7W/ref=sr_1_79?crid=2M096C61O4MLT&keywords=bags&qid=1692642394&sprefix=ba%2Caps%2C283&sr=8-79,F Gear Colorado Grey Orange 39 Ltrs Laptop Backpack (3814)  ,₹895,4.2 out of 5 stars,223,"Uber Fashion Merchandise Pvt Ltd, Uber Fashion Merchandise Pvt Ltd 17G 46 3 1Flr 2Stage Yeshwantpur Bangalore560022 contact@fgear.in 9066161590",B097K6KD7W
https://www.amazon.in//Genie-Iridescence-Multicolor-Backpack-Resistant/dp/B084VQLJL8/ref=sr_1_80?crid=2M096C61O4MLT&keywords=bags&qid=1692642394&sprefix=ba%2Caps%2C283&sr=8-80,"Genie Iridescence School Bag for Girls, 17 inch Backpack for Women, 3 Zips Water Resistant Stylish and Trendy College Backpacks for Girls. 27 litres  ",₹753,4.0 out of 5 stars,"3,490","Safari, Safari Industries(India)Ltd.,302-303,A-Wing,The Qube CTS no-1498,A/2,MV road,Marol, Andheri(E), Mumbai-400059, Maharashtra. Phone Number +919819547085, Email Id : customercare@safari.in",B084VQLJL8
https://www.amazon.in//Skybags-Unisex-Grey-Jacqard-Laptop/dp/B09ZV9SLBJ/ref=sr_1_81?crid=2M096C61O4MLT&keywords=bags&qid=1692642394&sprefix=ba%2Caps%2C283&sr=8-81,Skybags Unisex Grey Jacqard 34L Laptop Bags  ,"₹1,248",4.1 out of 5 stars,85,"VIP Industries Limited, DGP House, 88C, Old Prabhadevi Road, Prabhadevi, Mumbai 400025. India, VIP Industries Limited, DGP House, 88C, Old Prabhadevi Road, Prabhadevi, Mumbai 400025. India",B09ZV9SLBJ
https://www.amazon.in//ADISA-Womens-Girls-Party-Crossbody/dp/B0B2WBJ2H8/ref=sr_1_82?crid=2M096C61O4MLT&keywords=bags&qid=1692642394&sprefix=ba%2Caps%2C283&sr=8-82,ADISA Women's Girls Party Sling Bag Crossbody  ,₹394,3.9 out of 5 stars,613,"ADISA, ADISA INTERNATIONAL, 42/34, Upper Ground Floor, DLF Industrial Area, Kirti Nagar, New Delhi 110015, careadisa@gmail.com",B0B2WBJ2H8
https://www.amazon.in//Gear-Black-Casual-Backpack-MDBKPECO50104/dp/B0757MBSS6/ref=sr_1_83?crid=2M096C61O4MLT&keywords=bags&qid=1692642394&sprefix=ba%2Caps%2C283&sr=8-83,Gear Casual Backpack  ,₹399,3.8 out of 5 stars,"2,244","Gear, Gear Merchandise PVT LTD E/12 West Chowbaga Gulshan colony KoLkata-700100 Contact 9830403366",B0757MBSS6
https://www.amazon.in//Safari-Sheild-Resistant-Casual-Backpack/dp/B09B26T7KQ/ref=sr_1_84?crid=2M096C61O4MLT&keywords=bags&qid=1692642394&sprefix=ba%2Caps%2C283&sr=8-84,Safari Sheild 26 Ltrs Water Resistant Casual Backpack - (SHEILD19CBBLK)  ,₹709,3.9 out of 5 stars,"1,157","Safari Industries, 302-303, A Wing, The Qube CTS No.1498, A/2, Sir Mathuradas Vasanji Rd, Marol, Andheri East, Mumbai, Maharashtra 400059",B09B26T7KQ
https://www.amazon.in//sspa/click?ie=UTF8&spc=MTo2NjE1MDk3OTAwNzcwMDg1OjE2OTI2NDIzOTQ6c3BfYnRmOjMwMDAzNjY5MjI5NDUzMjo6MDo6&url=%2FUltima-Moda-Laptop-Backpack-Lightweight%2Fdp%2FB0CFFSKD1P%2Fref%3Dsr_1_85_sspa%3Fcrid%3D2M096C61O4MLT%26keywords%3Dbags%26qid%3D1692642394%26sprefix%3Dba%252Caps%252C283%26sr%3D8-85-spons%26sp_csd%3Dd2lkZ2V0TmFtZT1zcF9idGY%26psc%3D1,"Ultima Moda Laptop Backpack, Work Bag Lightweight Bag Anti Theft Business Backpack, Water Resistant School Rucksack Gift for Men and Women, (31 Liter)  ",₹649, , ,,B0CFFSKD1P
https://www.amazon.in//sspa/click?ie=UTF8&spc=MTo4NTUxMTg4NzQwNzg0OTU5OjE2OTI2NDIzOTk6c3BfYXRmX25leHQ6MjAwMzY5OTY0MzYyMDc6OjA6Og&url=%2FCONTACTS-Backpack-Lighweight-Versatile-Charging%2Fdp%2FB085WPWY1W%2Fref%3Dsr_1_81_sspa%3Fcrid%3D2M096C61O4MLT%26keywords%3Dbags%26qid%3D1692642399%26sprefix%3Dba%252Caps%252C283%26sr%3D8-81-spons%26sp_csd%3Dd2lkZ2V0TmFtZT1zcF9hdGZfbmV4dA%26psc%3D1,Contacts 15 inch Everyday Laptop Versatile Backpack with USB Charging Port | Multi functional Bagpack (Grey)…  ,₹999,3.8 out of 5 stars,"1,170","RECREATE ENGINEERING PRODUCTS PVT LTD., 83A, CHOWRINGHEE ROAD, KOLKATA - 700020., MOB - 90739 08504",B085WPWY1W
https://www.amazon.in//sspa/click?ie=UTF8&spc=MTo4NTUxMTg4NzQwNzg0OTU5OjE2OTI2NDIzOTk6c3BfYXRmX25leHQ6MjAwNjE2MDkyNTQyOTg6OjA6Og&url=%2FSafari-Overnighter-Resistant-Travelling-All-Purpose%2Fdp%2FB097JM98M1%2Fref%3Dsr_1_82_sspa%3Fcrid%3D2M096C61O4MLT%26keywords%3Dbags%26qid%3D1692642399%26sprefix%3Dba%252Caps%252C283%26sr%3D8-82-spons%26sp_csd%3Dd2lkZ2V0TmFtZT1zcF9hdGZfbmV4dA%26psc%3D1,"Safari Seek 32 Ltrs Overnighter Travel Laptop Backpack (Blue), Water Resistant Spacious Bag for Travelling and Camping, All-Purpose Bag for Business & Leisure  ","₹2,049",4.3 out of 5 stars,186,"Safari, Safari Industries Ltd 301/302, A-Wing, The Qube, M.V.Road, Marol, Andheri(East), Near international Airport Mumbai- 400059 +91-22-40381851/838",B097JM98M1
https://www.amazon.in//Lavie-Sport-Chairman-Compatible-compartments/dp/B09YCSCRBW/ref=sr_1_83?crid=2M096C61O4MLT&keywords=bags&qid=1692642399&sprefix=ba%2Caps%2C283&sr=8-83,Lavie Sport Chairman Backpack with Laptop Sleeve | Premium Leatherette Business Backpack for Men & Women | Durable Office Bag for Notebook/MacBook  ,₹849,3.9 out of 5 stars,"1,399","Bagzone Lifestyle Pvt Ltd, Bagzone Lifestyle Pvt Ltd | | LAVIE 402, Ackruti Star, MIDC Central Road, Andheri East, Mumbai – 400093",B09YCSCRBW
https://www.amazon.in//Gear-Classic-Casual-Backpack-BKPCAMPS80304/dp/B019FBEJCO/ref=sr_1_84?crid=2M096C61O4MLT&keywords=bags&qid=1692642399&sprefix=ba%2Caps%2C283&sr=8-84,Gear Campus8 25L Water Resistant School Bag/Backpack/College Bag for Men/Women - Green Grey  ,₹674,4.1 out of 5 stars,"1,244","Gear Merchandise PVT LTD, Gear Merchandise PVT LTD E/12 West Chowbaga Gulshan colony KoLkata-700100 Contact 9830403366",B019FBEJCO
https://www.amazon.in//AirCase-C34-Laptop-Backpack-Women/dp/B07QL8633G/ref=sr_1_85?crid=2M096C61O4MLT&keywords=bags&qid=1692642399&sprefix=ba%2Caps%2C283&sr=8-85,"AirCase Laptop Bag Backpack Case Pouch for Laptop Backpack for Men & Women,Premium Vegan Leather  ",₹929,3.9 out of 5 stars,"1,093","AirCase, Istuff365, Godown No.H-3, Dharam Complex, Thane-421302",B07QL8633G
https://www.amazon.in//Tabelito-NEXA-Backpack-Business-Compartment/dp/B0C2D3YR7T/ref=sr_1_86?crid=2M096C61O4MLT&keywords=bags&qid=1692642399&sprefix=ba%2Caps%2C283&sr=8-86,"Tabelito® NEXA 3O L Water Resistant Laptop/College/Office/School/Travel/Business Bag, Unisex Backpack for Men Women Fits Up to 15.6 Inch Laptop Notebook. (GREY)  ",₹399,4.2 out of 5 stars,115,"‎Tabelito Trade India, ‎Tabelito Trade India, Tabelito Trade India, Prop No: 5, Ground Floor, Kh No:641, Village Rithala, Land Mark: Near Suzuki service center (Rithala), Contact : +919958166528",B0C2D3YR7T
https://www.amazon.in//BennettTM-Shoulder-Messenger-Repellent-Charcoal/dp/B09CV24TMK/ref=sr_1_87?crid=2M096C61O4MLT&keywords=bags&qid=1692642399&sprefix=ba%2Caps%2C283&sr=8-87,Bennett™ Mystic Unisex Adult Men's Laptop Bag 15.6 inch Side Shoulder Briefcase Satchel Messenger Business Bags for Men & Women Front Pocket for Laptop Accessories - Black (6 Month Warranty)  ,₹512,4.0 out of 5 stars,"6,454","Texcoco Enterprices, 9958166528",B09CV24TMK
https://www.amazon.in//Arctic-Fox-Backpack-Charging-Laptop/dp/B089QB6D7B/ref=sr_1_88_mod_primary_new?crid=2M096C61O4MLT&keywords=bags&qid=1692642399&sbo=RZvfv%2F%2FHxDF%2BO5021pAnSA%3D%3D&sprefix=ba%2Caps%2C283&sr=8-88,Arctic Fox Slope Anti Theft 23 L Backpack with USB Charging Port 15 Inch Laptop Backpack (Marble Black)  ,"₹1,445",4.5 out of 5 stars,"4,221","Arctic Fox, Outshiny India Pvt. Ltd., No.17, Ganesh Nagar, 8th B Cross,Narayanappa Layout, Kodigehalli,Bengaluru - 560097.",B089QB6D7B
https://www.amazon.in//Hilfiger-Joshua-Backpack-TH-JOSHUALAP01/dp/B07N8GRWTZ/ref=sr_1_89?crid=2M096C61O4MLT&keywords=bags&qid=1692642399&sprefix=ba%2Caps%2C283&sr=8-89,Tommy Hilfiger Joshua Laptop Backpack  ,"₹2,559",4.1 out of 5 stars,572,"Iff Overseas Pvt Ltd, Brand Concepts ltd, 140/2/2 Musakedi Square, Ring Road, Indore, MP, 452001",B07N8GRWTZ
https://www.amazon.in//Bennett-15-6-inch-College-Repellent-Backpack/dp/B09WZKHSDR/ref=sr_1_90?crid=2M096C61O4MLT&keywords=bags&qid=1692642399&sprefix=ba%2Caps%2C283&sr=8-90,"Bennett Casual Laptop Bag School Bags for Boys Girls 15.6-inch, 25 LTR Office & College bags for Mens Water Repellent Backpack for Men & Women (GREY)  ",₹512,3.9 out of 5 stars,710,"Texcoco Enterprises, 9958166528",B09WZKHSDR
https://www.amazon.in//sspa/click?ie=UTF8&spc=MTo4NTUxMTg4NzQwNzg0OTU5OjE2OTI2NDIzOTk6c3BfbXRmOjIwMTYxOTAxMDE1Mzk4OjowOjo&url=%2FSPENZ-BAGS-Backpack-Raincover-Jet-Black%2Fdp%2FB0C3RLGGVZ%2Fref%3Dsr_1_91_sspa%3Fcrid%3D2M096C61O4MLT%26keywords%3Dbags%26qid%3D1692642399%26sprefix%3Dba%252Caps%252C283%26sr%3D8-91-spons%26sp_csd%3Dd2lkZ2V0TmFtZT1zcF9tdGY%26psc%3D1,"SPENZ BAGS Travel Laptop Backpack for Women & Men|Carry On Bag, College & School Students Bookbag With Raincover  ",₹845,4.0 out of 5 stars,161,"Spenz Bags, Spenz Bags",B0C3RLGGVZ
https://www.amazon.in//sspa/click?ie=UTF8&spc=MTo4NTUxMTg4NzQwNzg0OTU5OjE2OTI2NDIzOTk6c3BfbXRmOjIwMDM1NTc4Nzc4Njk4OjowOjo&url=%2FCOSMUS-Eternal-Backpack-Polyester-15-6-inch%2Fdp%2FB09SWVPZD4%2Fref%3Dsr_1_92_sspa%3Fcrid%3D2M096C61O4MLT%26keywords%3Dbags%26qid%3D1692642399%26sprefix%3Dba%252Caps%252C283%26sr%3D8-92-spons%26sp_csd%3Dd2lkZ2V0TmFtZT1zcF9tdGY%26psc%3D1,COSMUS Eternal Laptop Backpack 20 Ltrs Polyester Bags for 15.6-inch Laptops  ,₹952,3.4 out of 5 stars,17,"COSMUS BAGS PVT.LTD., 359,Ground Floor Abubakar Chawl Dharavi Main Road, Bagicha Compound, Dharavi Mumbai,400017 Landmark Dharavi Jama Masjid (Gujrati Jamat Khana) Mobile: +91 8767008844",B09SWVPZD4
https://www.amazon.in//Classic-Leather-Laptop-Backpack-LBPCLSLTH1901/dp/B07G4CYC74/ref=sr_1_93?crid=2M096C61O4MLT&keywords=bags&qid=1692642399&sprefix=ba%2Caps%2C283&sr=8-93,Gear Classic 20L Small Size Faux Leather Water Resistant Anti Theft Unisex Laptop Backpack- Tan-Black  ,₹969,4.4 out of 5 stars,"2,514","Gear Merchandise PVT LTD, Gear Merchandise PVT LTD E/12 West Chowbaga Gulshan colony KoLkata-700100 Contact 9830403366",B07G4CYC74
https://www.amazon.in//Lenovo-Carrying-15-6-Inch-Toploader-GX40Q17229/dp/B075Y6Y9H5/ref=sr_1_94?crid=2M096C61O4MLT&keywords=bags&qid=1692642399&sprefix=ba%2Caps%2C283&sr=8-94,Lenovo 15.6-inch Casual Laptop Briefcase T210  ,₹979,4.2 out of 5 stars,"20,844","Lenovo, Ferns Icon, Level, 2, Outer Ring Rd, Doddanekundi, Mahadevapura, Bengaluru, Karnataka 560156, 1. DONGGUAN NIDAIKE ELECTRONIC TECHNOLOGY CO.,LTD. No.38 Taikang Street,Baihao Village, Houjie Town,Dongguan City,Guangdong Province,China-523957 2. Talent Hill Industrial Co., Ltd. Room 811, 7th Floor, No. 19 East tricy clic North Road , Chao yang District, Beijing, China.",B075Y6Y9H5
https://www.amazon.in//Safari-Swagpack-Backpack-Compartments-Raincover/dp/B09B25QMKY/ref=sr_1_95?crid=2M096C61O4MLT&keywords=bags&qid=1692642399&sprefix=ba%2Caps%2C283&sr=8-95,Safari Swagpack 35 Ltrs Large Laptop Backpack With 3 Compartments and Raincover - Black (SWAGPACK19CBBLK)  ,"₹1,255",3.7 out of 5 stars,503,"Safari Industries, 302-303, A Wing, The Qube CTS No.1498, A/2, Sir Mathuradas Vasanji Rd, Marol, Andheri East, Mumbai, Maharashtra 400059",B09B25QMKY
https://www.amazon.in//FATMUG-Foldable-Luggage-Packing-Storage/dp/B07YFNXC3H/ref=sr_1_96?crid=2M096C61O4MLT&keywords=bags&qid=1692642399&sprefix=ba%2Caps%2C283&sr=8-96,"FATMUG Polyester Foldable Duffle Travel Bag Luggage For Travel, Packing And Storage - Men And Women - (60 L, Black)  ","₹1,099",4.2 out of 5 stars,"1,459","Stoned Walls, Delhi",B07YFNXC3H
https://www.amazon.in//Lunars-Comet-Resistant-Casual-Backpack/dp/B07WN833M7/ref=sr_1_97?crid=2M096C61O4MLT&keywords=bags&qid=1692642399&sprefix=ba%2Caps%2C283&sr=8-97,Lunar's Comet 35L Water Resistant Travel Bagpack/College Backpack/School Bag/Office Bag/Business Backpack/Daypack for Men and Women with 1 Year Warranty  ,₹778,4.0 out of 5 stars,"13,643","Lunar's, Akshaya Rubbers, Hebbal Industrial Area, Mysore",B07WN833M7
https://www.amazon.in//DIVULGE-Drawstring-Bag-Sports-Utility/dp/B07PXTDBH4/ref=sr_1_98?crid=2M096C61O4MLT&keywords=bags&qid=1692642399&sprefix=ba%2Caps%2C283&sr=8-98,"DIVULGE Multi Utility Drawstring Bag (Black , 16 L)  ",₹145,4.0 out of 5 stars,"1,158",DIVULGE,B07PXTDBH4
https://www.amazon.in//Gear-Vintage2-Leather-Backpack-LBPVG2LTH0201/dp/B07G4D13L7/ref=sr_1_99?crid=2M096C61O4MLT&keywords=bags&qid=1692642399&sprefix=ba%2Caps%2C283&sr=8-99,Gear Vintage2 28L Medium Size Faux Leather Water Resistant Anti Theft Unisex Laptop Backpack- Brown  ,₹979,4.4 out of 5 stars,"4,386","Gear Merchandise PVT LTD, Gear Merchandise PVT LTD E/12 West Chowbaga Gulshan colony KoLkata-700100 Contact 9830403366",B07G4D13L7
https://www.amazon.in//F-Gear-Spartan-Black-Laptop-Backpack/dp/B07X82WYGL/ref=sr_1_100?crid=2M096C61O4MLT&keywords=bags&qid=1692642399&sprefix=ba%2Caps%2C283&sr=8-100,F Gear Spartan 24 Ltrs Black Laptop Backpack (3179)  ,₹712,4.0 out of 5 stars,110,"Uber Fashion Merchandise Pvt. Ltd., Uber Fashion Merchandise Pvt. Ltd. No. 17G/46-3 & 17G/46-3-1 , 1st & 2nd Floor, Industrial Suburb, 2nd Stage, Yeshwantpur, Next to Sapna Books on MEI road, Bangalore – 560 022. INDIA Tel: 9066161590",B07X82WYGL
https://www.amazon.in//sspa/click?ie=UTF8&spc=MTo4NTUxMTg4NzQwNzg0OTU5OjE2OTI2NDIzOTk6c3BfYnRmOjIwMDk3NjEyMjMwNzk4OjowOjo&url=%2Fuppercase-Backpack-1600EBP1-resistant-sustainable%2Fdp%2FB0B68ZS5G1%2Fref%3Dsr_1_101_sspa%3Fcrid%3D2M096C61O4MLT%26keywords%3Dbags%26qid%3D1692642399%26sprefix%3Dba%252Caps%252C283%26sr%3D8-101-spons%26sp_csd%3Dd2lkZ2V0TmFtZT1zcF9idGY%26psc%3D1,"uppercase Laptop Backpack 1600EBP Compact 3x more water repellent sustainable bags with rain proof zippers for Men, Women, Boys and Girls, 750 Days warranty  ",₹950,4.0 out of 5 stars,234,"Acefour Accessories Pvt. Ltd., Acefour Accessories Pvt. Ltd. , Lodha Supremus Corp. Tower, Unit 1202,12th Floor,Saki Vihar road, Chandivali, Tunga Village, Opp. MTNL office, Andheri E, Mumbai -400072, Maharashtra, India. Customer Care: Email : customercare@uppercase.co.in & Contact no. +91 8691 800 800",B0B68ZS5G1
https://www.amazon.in//sspa/click?ie=UTF8&spc=MTo3Mzc2NTUzNjI3MDA3NjM4OjE2OTI2NDI0MDQ6c3BfYXRmX25leHQ6MjAxMDQ4MDI1NzI5OTg6OjA6Og&url=%2FSwiss-Military-Backpack-Charging-LBP73C%2Fdp%2FB0BP2H3XLG%2Fref%3Dsr_1_97_sspa%3Fcrid%3D2M096C61O4MLT%26keywords%3Dbags%26qid%3D1692642404%26sprefix%3Dba%252Caps%252C283%26sr%3D8-97-spons%26sp_csd%3Dd2lkZ2V0TmFtZT1zcF9hdGZfbmV4dA%26psc%3D1,"Swiss Military 26 Ltrs Grey Casual Laptop Backpack with USB Charging Port, Black and Grey Color, PU Leather with Widened Luggage Belt LBP73C  ","₹1,557",2.9 out of 5 stars,2,"Swiss Military Consumer Goods Limited, Swiss Military Consumer Goods Limited",B0BP2H3XLG
https://www.amazon.in//sspa/click?ie=UTF8&spc=MTo3Mzc2NTUzNjI3MDA3NjM4OjE2OTI2NDI0MDQ6c3BfYXRmX25leHQ6MjAxMzUzNzU5MjYyOTg6OjA6Og&url=%2FArctic-Fox-Backpack-Charging-Laptop%2Fdp%2FB08RS6FXYT%2Fref%3Dsr_1_98_sspa%3Fcrid%3D2M096C61O4MLT%26keywords%3Dbags%26qid%3D1692642404%26sprefix%3Dba%252Caps%252C283%26sr%3D8-98-spons%26sp_csd%3Dd2lkZ2V0TmFtZT1zcF9hdGZfbmV4dA%26psc%3D1,Arctic Fox Joker Anti Theft Backpack with USB Charging Port 15 Inch Laptop Backpack  ,"₹1,815",4.5 out of 5 stars,267,"Outshiny India Pvt. Ltd, Outshiny India Pvt. Ltd., No.17, Ganesh Nagar, 8th B Cross,Narayanappa Layout, Kodigehalli,Bengaluru - 560097.",B08RS6FXYT
https://www.amazon.in//Gear-Resitant-Backpack-Daypack-College/dp/B0C3MMX619/ref=sr_1_99?crid=2M096C61O4MLT&keywords=bags&qid=1692642404&sprefix=ba%2Caps%2C283&sr=8-99,Gear Floral Petal 30L Water Resitant School Bag/Casual Backpack/Kids Bag/Daypack/College Bag for Girls/Women (Yellow)  ,"₹1,199",3.8 out of 5 stars,4,"Gear, Gear Merchandise PVT LTD, E/12 West Chowbaga, Gulshan Colony, Kolkata 700100, Contact 9830403366",B0C3MMX619
https://www.amazon.in//Hammonds-Flycatcher-Genuine-Leather-Messenger/dp/B07MDTVDQH/ref=sr_1_100?crid=2M096C61O4MLT&keywords=bags&qid=1692642404&sprefix=ba%2Caps%2C283&sr=8-100,"HAMMONDS FLYCATCHER Genuine Leather Laptop Bag for Men/Office Bag for Men, Brown |Fits Upto 14 Inch Laptop Bag/MacBook |Leather Bag for Men with Shoulder Straps |Crossbody Laptop Messenger Bag for Men  ","₹2,417",4.4 out of 5 stars,"2,419","Hindustan Foam, Kolkata 700039, Hindustan Foam, Kolkata 700039, 033 2345 7170",B07MDTVDQH
https://www.amazon.in//Wildcraft-Turnaround-Polyester-Laptop-8903340000000/dp/B012D4QWES/ref=sr_1_101?crid=2M096C61O4MLT&keywords=bags&qid=1692642404&sprefix=ba%2Caps%2C283&sr=8-101,Wildcraft Turnaround Polyester 14 inch 27 Ltrs Blue Laptop Bag (8903340000000)  ,"₹1,598",4.3 out of 5 stars,"3,338",Wildcraft,B012D4QWES
https://www.amazon.in//Safari-Formal-Backpack-Anti-Theft-VAULT19CBBLK/dp/B07XSTR69N/ref=sr_1_102?crid=2M096C61O4MLT&keywords=bags&qid=1692642404&sprefix=ba%2Caps%2C283&sr=8-102,"Safari 48 Cms Black Formal/Office/Laptop Backpack With Anti-Theft, Lock, Usb And Rfid (Vault19Cbblk)  ","₹1,197",4.0 out of 5 stars,894,"Safari Industries (India) Ltd, Safari Industries Ltd 301/302, A-Wing, The Qube, M.V.Road, Marol, Andheri(East), Near international Airport Mumbai- 400059 +91-22-40381851/838",B07XSTR69N
https://www.amazon.in//Mi-Business-Casual-Resistant-Backpack/dp/B07YY6PTMN/ref=sr_1_103?crid=2M096C61O4MLT&keywords=bags&qid=1692642404&sprefix=ba%2Caps%2C283&sr=8-103,MI Business Casual 21L Water Resistant Laptop Backpack  ,₹999,4.4 out of 5 stars,"4,566","Korrun India Pvt. Ltd, Korrun India Pvt.  Ltd., Plot No.25, P2(4&X), 1st Phase, Bidadi Industrial area, Bangalore-562109, Karnataka",B07YY6PTMN
https://www.amazon.in//uppercase-Professional-resistant-sustainable-Anti-theft/dp/B0BR1C59R8/ref=sr_1_104?crid=2M096C61O4MLT&keywords=bags&qid=1692642404&sprefix=ba%2Caps%2C283&sr=8-104,"uppercase SealPro Professional Laptop Backpack (15.6 Inch) 3x more water resistant sustainable bags with rain proof zippers & Anti-theft for Men, Women, Boys and Girls, 750 Days warranty  ","₹1,900",4.5 out of 5 stars,78,"Acefour Accessories Pvt. Ltd., Acefour Accessories Pvt. Ltd. , Lodha Supremus Corp. Tower, Unit 1202,12th Floor,Saki Vihar road, Chandivali, Tunga Village, Opp. MTNL office, Andheri E, Mumbai -400072, Maharashtra, India. Customer Care: Email : customercare@uppercase.co.in & Contact no. +91 8691 800 800",B0BR1C59R8
https://www.amazon.in//NORTH-ZONE-Waterproof-Backpack-Dimensions/dp/B0BS6QM2GD/ref=sr_1_105?crid=2M096C61O4MLT&keywords=bags&qid=1692642404&sprefix=ba%2Caps%2C283&sr=8-105,NORTH ZONE Casual Waterproof Laptop Backpack/Office Bag/School Bag/College Bag/Business Bag/Travel Backpack (Dimensions:13x18 inches) (Compatible with 39.62cm(15.6inch laptop) 30 L  ,₹630,4.0 out of 5 stars,589,SHABA BAGS,B0BS6QM2GD
https://www.amazon.in//Gear-Training-Travel-Duffel-DUFCRSTNG4314/dp/B098FG3GVX/ref=sr_1_106?crid=2M096C61O4MLT&keywords=bags&qid=1692642404&sprefix=ba%2Caps%2C283&sr=8-106,Gear Polyester 23 Cms Travel Bag(DUFCRSTNG4314_Khaki)  ,₹478,4.1 out of 5 stars,561,"Gear Merchandise Pvt Ltd, Gear Merchandise Pvt Ltd, E/12 West Chowbaga Gulshan Colony, Kolkata-700100",B098FG3GVX
https://www.amazon.in//sspa/click?ie=UTF8&spc=MTo3Mzc2NTUzNjI3MDA3NjM4OjE2OTI2NDI0MDQ6c3BfbXRmOjMwMDAwOTE1NzIwMDEzMjo6MDo6&url=%2FCONTACTS-Leather-Versatile-Backpack-Genuine%2Fdp%2FB093LJ4QL1%2Fref%3Dsr_1_107_sspa%3Fcrid%3D2M096C61O4MLT%26keywords%3Dbags%26qid%3D1692642404%26sprefix%3Dba%252Caps%252C283%26sr%3D8-107-spons%26sp_csd%3Dd2lkZ2V0TmFtZT1zcF9tdGY%26psc%3D1,Contacts 15 inch Everyday Laptop Versatile Backpack with USB Charging Port | Multi functional Bagpack (Black)…  ,"₹1,398",3.8 out of 5 stars,"1,170","RECREATE ENGINEERING PRODUCTS PVT LTD., 83A, CHOWRINGHEE ROAD, KOLKATA - 700020., MOB - 90739 08504",B093LJ4QL1
https://www.amazon.in//sspa/click?ie=UTF8&spc=MTo3Mzc2NTUzNjI3MDA3NjM4OjE2OTI2NDI0MDQ6c3BfbXRmOjMwMDAyNzMxMzE3MDMzMjo6MDo6&url=%2FSTRABO-Gannet-Laptop-Travel-Backpack%2Fdp%2FB0CD8ZLXRR%2Fref%3Dsr_1_108_sspa%3Fcrid%3D2M096C61O4MLT%26keywords%3Dbags%26qid%3D1692642404%26sprefix%3Dba%252Caps%252C283%26sr%3D8-108-spons%26sp_csd%3Dd2lkZ2V0TmFtZT1zcF9tdGY%26psc%3D1,STRABO Laptop Travel Backpack - 32L and 45L Water Resistant with 3 Compartments  ,₹757,5.0 out of 5 stars,1,STRABO BAGS AND ACCESSORIES LLP,B0CD8ZLXRR
https://www.amazon.in//Wildcraft-Packs18-Laptop-Backpack-Streak/dp/B07FC4D9B5/ref=sr_1_109_mod_primary_new?crid=2M096C61O4MLT&keywords=bags&qid=1692642404&sbo=RZvfv%2F%2FHxDF%2BO5021pAnSA%3D%3D&sprefix=ba%2Caps%2C283&sr=8-109,Wildcraft Work Packs'18 21 Ltrs Black Laptop Backpack (Streak Plus)  ,"₹1,373",4.4 out of 5 stars,"1,990",Wildcraft,B07FC4D9B5
https://www.amazon.in//Zebronics-Techshield-Compartment-15-6-inch-Polyester/dp/B0C6QTMYFG/ref=sr_1_110?crid=2M096C61O4MLT&keywords=bags&qid=1692642404&sprefix=ba%2Caps%2C283&sr=8-110,"Zebronics Techshield A1, 18 Liters, 1 Compartment Laptop Backpack and Front Pocket, fit Up to 15.6-inch Laptop, Polyester Fabric, Office Use and Mini Business Travel Bags (Black)  ",₹599,5.0 out of 5 stars,4,Zebronics India Private Limited,B0C6QTMYFG
https://www.amazon.in//Gear-Classic-Leather-Backpack-LBPCLSLTH0101/dp/B07G4D13LB/ref=sr_1_111?crid=2M096C61O4MLT&keywords=bags&qid=1692642404&sprefix=ba%2Caps%2C283&sr=8-111,Gear Classic 20L Faux Leather Water Resistant Anti Theft Laptop Bag/Backpack for Men/Women-Black  ,₹979,4.4 out of 5 stars,"2,735","Gear Merchandise PVT LTD, Gear Merchandise PVT LTD E/12 West Chowbaga Gulshan colony KoLkata-700100 Contact 9830403366",B07G4D13LB
https://www.amazon.in//NORTH-ZONE-Lightweight-Backpacks-Stylish/dp/B0BL3SPN16/ref=sr_1_112?crid=2M096C61O4MLT&keywords=bags&qid=1692642404&sprefix=ba%2Caps%2C283&sr=8-112,NORTH ZONE Lightweight school bags Backpacks for Boys Girls Stylish men and women Casual Travel Laptop Bag College office  ,₹630,4.0 out of 5 stars,930,"Northzone, Plot no 35 to 40 KH.No. 28/2 Ground Floor Agar Nagar Prem Nagar Phase 3 Delhi 110086",B0BL3SPN16
https://www.amazon.in//Zebronics-Compartment-Backpacks-15-6-inch-Black/dp/B0C6KZS555/ref=sr_1_113?crid=2M096C61O4MLT&keywords=bags&qid=1692642404&sprefix=ba%2Caps%2C283&sr=8-113,"Zebronics Camp1, 14 Liters, 1 Compartment Laptop Backpacks Fit Up to 15.6-inch Laptop, Polyester Fabric, Office Use and Mini Business Travel Bags (Black)  ",₹499,3.0 out of 5 stars,6,Zebronics India Private Limited,B0C6KZS555
https://www.amazon.in//Genie-compartments-Resistant-Lightweight-Travelling/dp/B0C85YCDR7/ref=sr_1_114?crid=2M096C61O4MLT&keywords=bags&qid=1692642404&sprefix=ba%2Caps%2C283&sr=8-114,"Genie Swirl Laptop Backpack for Women, 3 compartments, Water Resistant and Lightweight Bags for Office and Travelling Purpose. 36 litres. (19 inch). Tie-dye print  ","₹1,004",4.3 out of 5 stars,4,"Safari, Safari Industries (India) Ltd, Safari Industries Ltd 301/302, A-Wing, The Qube, M.V.Road, Marol, Andheri(East), Near international Airport Mumbai- 400059 +91-22-40381851/838",B0C85YCDR7
https://www.amazon.in//Gear-Vintage2-Leather-Backpack-LBPVG2LTH1901/dp/B07G4F3758/ref=sr_1_115?crid=2M096C61O4MLT&keywords=bags&qid=1692642404&sprefix=ba%2Caps%2C283&sr=8-115,Gear Vintage2 Anti Theft Faux Leather 18 cms Tan Laptop Backpack  ,₹969,4.3 out of 5 stars,"1,693","Gear, Gear Merchandise PVT LTD E/12 West Chowbaga Gulshan colony KoLkata-700100 Contact 9830403366",B07G4F3758
https://www.amazon.in//Safari-Hexa-Water-Resistant-Backpack/dp/B09B263JKS/ref=sr_1_116?crid=2M096C61O4MLT&keywords=bags&qid=1692642404&sprefix=ba%2Caps%2C283&sr=8-116,Safari Hexa 21 Ltrs Small Backpack | Water Resistant- Blue  ,₹609,3.8 out of 5 stars,"1,093","Safari Industries, 302-303, A Wing, The Qube CTS No.1498, A/2, Sir Mathuradas Vasanji Rd, Marol, Andheri East, Mumbai, Maharashtra 400059",B09B263JKS
https://www.amazon.in//sspa/click?ie=UTF8&spc=MTo3Mzc2NTUzNjI3MDA3NjM4OjE2OTI2NDI0MDQ6c3BfYnRmOjMwMDAwNTkxNzkwODkzMjo6MDo6&url=%2Fuppercase-Backpack-1800EBP2-resistant-sustainable%2Fdp%2FB0BQYJ8WP5%2Fref%3Dsr_1_117_sspa%3Fcrid%3D2M096C61O4MLT%26keywords%3Dbags%26qid%3D1692642404%26sprefix%3Dba%252Caps%252C283%26sr%3D8-117-spons%26sp_csd%3Dd2lkZ2V0TmFtZT1zcF9idGY%26psc%3D1,"uppercase Laptop Backpack Printed Compact 3x more water repellent sustainable bags with rain proof zippers for Men, Women, Boys & Girls, 750 Days warranty (Blue)  ","₹1,350",4.1 out of 5 stars,102,"Acefour Accessories Pvt. Ltd., Acefour Accessories Pvt. Ltd. , Lodha Supremus Corp. Tower, Unit 1202,12th Floor,Saki Vihar road, Chandivali, Tunga Village, Opp. MTNL office, Andheri E, Mumbai -400072, Maharashtra, India. Customer Care: Email : customercare@uppercase.co.in & Contact no. +91 8691 800 800",B0BQYJ8WP5
https://www.amazon.in//sspa/click?ie=UTF8&spc=MToxMjI2NDEzNzIxODMyNjUwOjE2OTI2NDI0MTE6c3BfYXRmX25leHQ6MzAwMDM1NzA1NDQzODMyOjowOjo&url=%2FWALKENT-Premium-Semi-Hard-Anti-Theft-Waterproof%2Fdp%2FB0CFJT6P1R%2Fref%3Dsr_1_113_sspa%3Fcrid%3D2M096C61O4MLT%26keywords%3Dbags%26qid%3D1692642411%26sprefix%3Dba%252Caps%252C283%26sr%3D8-113-spons%26sp_csd%3Dd2lkZ2V0TmFtZT1zcF9hdGZfbmV4dA%26psc%3D1,"WALKENT Premium, Stylish & Semi-Hard Shell 15.6"" Laptop Bag | Anti-Theft Pocket | Waterproof Fabric & Zipper | Side Bottle Pocket | Office & College | For Men & Women  ","₹3,290", , ,"Walkent, info@walkent.com | ☎️ 8001 655 655",B0CFJT6P1R
https://www.amazon.in//sspa/click?ie=UTF8&spc=MToxMjI2NDEzNzIxODMyNjUwOjE2OTI2NDI0MTE6c3BfYXRmX25leHQ6MzAwMDAyNTk1MTQ2MzMyOjowOjo&url=%2Fuppercase-Professional-Anti-Theft-Overnighter-sustainable%2Fdp%2FB0C7CQ1MVD%2Fref%3Dsr_1_114_sspa%3Fcrid%3D2M096C61O4MLT%26keywords%3Dbags%26qid%3D1692642411%26sprefix%3Dba%252Caps%252C283%26sr%3D8-114-spons%26sp_csd%3Dd2lkZ2V0TmFtZT1zcF9hdGZfbmV4dA%26psc%3D1,uppercase Nexus Professional Anti-Theft Overnighter Travel Laptop Backpack  ,"₹2,500",4.9 out of 5 stars,11,"Acefour Accessories Pvt. Ltd., Acefour Accessories Pvt. Ltd., Lodha Supremus Corp. Tower, Unit 1202,12th Floor,Saki Vihar road, Chandivali, Tunga Village, Opp. MTNL office, Andheri E, Mumbai -400072, Maharashtra, India. Customer Care: Email : customercare@uppercase.co.in & Contact no. +91 8691 800 800",B0C7CQ1MVD
https://www.amazon.in//Lavie-Beech-Womens-Satchel-Handbag/dp/B096KTWTXC/ref=sr_1_115?crid=2M096C61O4MLT&keywords=bags&qid=1692642411&sprefix=ba%2Caps%2C283&sr=8-115,Lavie Women's Beech Satchel Bag | Ladies Purse Handbag  ,"₹1,518",4.2 out of 5 stars,"2,328","Bagzone Lifestyle Pvt Ltd, Bagzone Lifestyle Pvt Ltd | | LAVIE 402, Ackruti Star, MIDC Central Road, Andheri East, Mumbai – 400093.",B096KTWTXC
https://www.amazon.in//Zebronics-Compartment-Backpacks-15-6-inch-Black/dp/B0C6KZS555/ref=sr_1_116?crid=2M096C61O4MLT&keywords=bags&qid=1692642411&sprefix=ba%2Caps%2C283&sr=8-116,"Zebronics Camp1, 14 Liters, 1 Compartment Laptop Backpacks Fit Up to 15.6-inch Laptop, Polyester Fabric, Office Use and Mini Business Travel Bags (Black)  ",₹499,3.0 out of 5 stars,6,Zebronics India Private Limited,B0C6KZS555
https://www.amazon.in//Safari-Hexa-Water-Resistant-Backpack/dp/B09B263JKS/ref=sr_1_117?crid=2M096C61O4MLT&keywords=bags&qid=1692642411&sprefix=ba%2Caps%2C283&sr=8-117,Safari Hexa 21 Ltrs Small Backpack | Water Resistant- Blue  ,₹609,3.8 out of 5 stars,"1,093","Safari Industries, 302-303, A Wing, The Qube CTS No.1498, A/2, Sir Mathuradas Vasanji Rd, Marol, Andheri East, Mumbai, Maharashtra 400059",B09B263JKS
https://www.amazon.in//Genie-compartments-Resistant-Lightweight-Travelling/dp/B0C85YCDR7/ref=sr_1_118?crid=2M096C61O4MLT&keywords=bags&qid=1692642411&sprefix=ba%2Caps%2C283&sr=8-118,"Genie Swirl Laptop Backpack for Women, 3 compartments, Water Resistant and Lightweight Bags for Office and Travelling Purpose. 36 litres. (19 inch). Tie-dye print  ","₹1,004",4.3 out of 5 stars,4,"Safari, Safari Industries (India) Ltd, Safari Industries Ltd 301/302, A-Wing, The Qube, M.V.Road, Marol, Andheri(East), Near international Airport Mumbai- 400059 +91-22-40381851/838",B0C85YCDR7
https://www.amazon.in//Gear-Vintage2-Leather-Backpack-LBPVG2LTH1901/dp/B07G4F3758/ref=sr_1_119?crid=2M096C61O4MLT&keywords=bags&qid=1692642411&sprefix=ba%2Caps%2C283&sr=8-119,Gear Vintage2 Anti Theft Faux Leather 18 cms Tan Laptop Backpack  ,₹969,4.3 out of 5 stars,"1,693","Gear, Gear Merchandise PVT LTD E/12 West Chowbaga Gulshan colony KoLkata-700100 Contact 9830403366",B07G4F3758
https://www.amazon.in//ADISA-Laptop-Backpack-College-z-Black/dp/B09TPY1G1W/ref=sr_1_120?crid=2M096C61O4MLT&keywords=bags&qid=1692642411&sprefix=ba%2Caps%2C283&sr=8-120,ADISA 15.6 inch laptop backpack office bag college travel back pack 32 Ltrs  ,₹499,3.9 out of 5 stars,"1,148","ADISA, ADISA INTERNATIONAL, 42/34, Upper Ground Floor, DLF Industrial Area, Kirti Nagar, New Delhi 110015, careadisa@gmail.com",B09TPY1G1W
https://www.amazon.in//Hoteon-Backpack-Anti-Theft-Earphone-Resistant/dp/B08HM4TQZZ/ref=sr_1_121?crid=2M096C61O4MLT&keywords=bags&qid=1692642411&sprefix=ba%2Caps%2C283&sr=8-121,"Golden Wolf Laptop Bag Anti-theft Backpack with Lock College School Laptop Backpack with Rain Cover Water Resistant Business Backpack with USB Port for 15.6-inch Laptop Office Travel Bag for Men and Women Gifts, Dark Grey  ","₹1,999",4.4 out of 5 stars,"3,498","ah arctic hunter, Hoteon Trading Pvt. Ltd., #191, BOOHBCS (BANK COLONY),BTM 2nd Stage, Bangalore-560068. Phone 9148183707 or customercare@hoteon.com",B08HM4TQZZ
https://www.amazon.in//Amazon-Basics-Laptop-Backpack-Repellent/dp/B09W43XLBY/ref=sr_1_122?crid=2M096C61O4MLT&keywords=bags&qid=1692642411&sprefix=ba%2Caps%2C283&sr=8-122,"Amazon Basics Water Repellent and Wear Resistant Laptop Backpack - 24L, Blue  ",₹649,4.2 out of 5 stars,504,TORG INDIA PVT. LTD.,B09W43XLBY
https://www.amazon.in//sspa/click?ie=UTF8&spc=MToxMjI2NDEzNzIxODMyNjUwOjE2OTI2NDI0MTE6c3BfbXRmOjIwMTQzNzIzNTY2Nzk4OjowOjo&url=%2FMartucci-Waterproof-Backpack-College-Business%2Fdp%2FB0BRJRVH6D%2Fref%3Dsr_1_123_sspa%3Fcrid%3D2M096C61O4MLT%26keywords%3Dbags%26qid%3D1692642411%26sprefix%3Dba%252Caps%252C283%26sr%3D8-123-spons%26sp_csd%3Dd2lkZ2V0TmFtZT1zcF9tdGY%26psc%3D1,Martucci Jersey 45L Casual Waterproof Laptop Backpack/Office Bag/School Bag/College Bag/Business Bag/Unisex Travel Backpack  ,₹809,3.6 out of 5 stars,169,Martucci,B0BRJRVH6D
https://www.amazon.in//sspa/click?ie=UTF8&spc=MToxMjI2NDEzNzIxODMyNjUwOjE2OTI2NDI0MTE6c3BfbXRmOjMwMDAyNzMyOTAwNzIzMjo6MDo6&url=%2FSTRABO-Gannet-Laptop-Travel-Backpack%2Fdp%2FB0CD8D2DGT%2Fref%3Dsr_1_124_sspa%3Fcrid%3D2M096C61O4MLT%26keywords%3Dbags%26qid%3D1692642411%26sprefix%3Dba%252Caps%252C283%26sr%3D8-124-spons%26sp_csd%3Dd2lkZ2V0TmFtZT1zcF9tdGY%26psc%3D1,STRABO Laptop Travel Backpack - 32L and 45L Water Resistant with 3 Compartments  ,₹757,5.0 out of 5 stars,1,STRABO BAGS AND ACCESSORIES LLP,B0CD8D2DGT
https://www.amazon.in//Martucci-Waterproof-Backpack-College-Business/dp/B0B1HM2ZGX/ref=sr_1_125?crid=2M096C61O4MLT&keywords=bags&qid=1692642411&sprefix=ba%2Caps%2C283&sr=8-125,Martucci 16 inch 36L Casual Waterproof Backpack/Office Bag/School Bag/College Bag/Business Bag/Unisex Travel Backpack  ,₹599,3.8 out of 5 stars,199,Martuci,B0B1HM2ZGX
https://www.amazon.in//NORTH-ZONE-Lightweight-Backpacks-Stylish/dp/B0BL3S5NC1/ref=sr_1_126?crid=2M096C61O4MLT&keywords=bags&qid=1692642411&sprefix=ba%2Caps%2C283&sr=8-126,NORTH ZONE Lightweight school bags Backpacks for Boys Girls Stylish men and women Casual Travel Laptop Bag College office  ,₹630,4.0 out of 5 stars,930,"Northzone, Plot no 35 to 40 KH.No. 28/2 Ground Floor Agar Nagar Prem Nagar Phase 3 Delhi 110086",B0BL3S5NC1
https://www.amazon.in//FATMUG-Laptop-Bag-Men-Convertible/dp/B084LFS4G1/ref=sr_1_127?crid=2M096C61O4MLT&keywords=bags&qid=1692642411&sprefix=ba%2Caps%2C283&sr=8-127,FATMUG Laptop Bag For Men - Convertible Backpack For Office And Travel (Navy Blue Oxford Fabric)  ,"₹1,699",4.4 out of 5 stars,"2,313",Fatmug Designs,B084LFS4G1
https://www.amazon.in//LOOKMUSTER-Waterproof-Backpack-College-Business/dp/B0BS6YGKMC/ref=sr_1_128?crid=2M096C61O4MLT&keywords=bags&qid=1692642411&sprefix=ba%2Caps%2C283&sr=8-128,LOOKMUSTER Casual Waterproof Laptop Backpack/Office Bag/School Bag/College Bag/Business Bag/Travel Backpack…  ,₹614,3.9 out of 5 stars,44,"Lookmuster, B-3/406 Agar nagar PremNagar-3rd Kirari suleman Nagar New Delhi-110086,Contact:9643638187.Lookmuster@gmail.com",B0BS6YGKMC
https://www.amazon.in//Safari-Laptop-Backpack-Raincover-college/dp/B097JH4V5G/ref=sr_1_129?crid=2M096C61O4MLT&keywords=bags&qid=1692642411&sprefix=ba%2Caps%2C283&sr=8-129,"Safari Omega 30L Laptop Backpack with Raincover, school bag for boys and girls, college bag, office bag, travel bag for men and women, Teal  ",₹903,4.4 out of 5 stars,29,"Safari, Safari Industries Ltd 301/302, A-Wing, The Qube, M.V.Road, Marol, Andheri(East), Near international Airport Mumbai- 400059 +91-22-40381851/838",B097JH4V5G
https://www.amazon.in//Tabelito-NEO-Backpack-Business-Compartment/dp/B0C2D24G29/ref=sr_1_130?crid=2M096C61O4MLT&keywords=bags&qid=1692642411&sprefix=ba%2Caps%2C283&sr=8-130,"Tabelito® NEO 3O L Water Resistant Laptop/College/Office/School/Travel/Business Bag, Unisex Backpack for Men Women Fits Up to 15.6 Inch Laptop Notebook.  ",₹399,4.0 out of 5 stars,190,"‎Tabelito Trade India, ‎Tabelito Trade India, Tabelito Trade India, Prop No: 5, Ground Floor, Kh No:641, Village Rithala, Land Mark: Near Suzuki service center (Rithala), Contact : +919958166528",B0C2D24G29
https://www.amazon.in//POLESTAR-Backpack-compartment-suitable-warranty/dp/B09XT8DF2H/ref=sr_1_131?crid=2M096C61O4MLT&keywords=bags&qid=1692642411&sprefix=ba%2Caps%2C283&sr=8-131,"POLESTAR Dynamic 25 L Bag for College, School, Office, Casual Backpack with 15.6"" Laptop Compartment, Unisex, Stylish & Durable, 1 year warranty  ",₹749,3.5 out of 5 stars,293,Scale Polestar Pvt. Ltd.,B09XT8DF2H
https://www.amazon.in//HAMMONDS-FLYCATCHER-Laptop-Bag-Men/dp/B083M1QK32/ref=sr_1_132?crid=2M096C61O4MLT&keywords=bags&qid=1692642411&sprefix=ba%2Caps%2C283&sr=8-132,HAMMONDS FLYCATCHER Laptop Bag for Men - Genuine Leather Messenger Shoulder Bag - Fits 14/15.6/16 Inch Laptops - Brown Office Bag - Multiple Pockets -Water Resistant -Executive Bag for Work and Travel  ,"₹5,255",4.4 out of 5 stars,578,"Hindustan Foam, Hindustan Foam, 16m Golam Jilani Khan Road, Kolkata 700039, Contact : 9831172714",B083M1QK32
